paper_id,version_id,title,abstract,published,updated,authors,categories,source_url,metadata_url,metadata_source,collected_at,period,field
2508.21796,2508.21796,Road map for the tuning of hadronic interaction models with accelerator-based and astroparticle data,"In high-energy and astroparticle physics, event generators play an essential role, even in the simplest data analyses. As analysis techniques become more sophisticated, e.g. based on deep neural networks, their correct description of the observed event characteristics becomes even more important. Physical processes occurring in hadronic collisions are simulated within a Monte Carlo framework. A major challenge is the modeling of hadron dynamics at low momentum transfer, which includes the initial and final phases of every hadronic collision. QCD-inspired phenomenological models used for these phases cannot guarantee completeness or correctness over the full phase space. These models usually include parameters which must be tuned to suitable experimental data. Until now, event generators have been developed and tuned mainly on the basis of data from high-energy physics experiments at accelerators. The wealth of data available from the latest generation of astroparticle experiments has not yet been fully exploited, and in many cases is not satisfactorily described. Both kinds of data sets are complementary as astroparticle experiments provide sensitivity especially to hadrons produced nearly parallel to the collision axis and cover center-of-mass energies up to several hundred TeV, well beyond those reached at colliders so far. In this report, we provide an overview of state-of-the-art event generators and their tuning, including the most relevant inputs from high-energy accelerator and astroparticle experiments. We present a road map that shows, for the first time, how the unified tuning of event generators with accelerator-based and astroparticle data can be performed.",2025-08-29,2026-09-11T09:22:31.653822,"J Albrecht; J. Becker Tjus; N. B. Behling; Jiří Blažek; Marcus Bleicher; J. A. Boelhauve; L. Cazon; R. Conceição; H.-P. Dembinski; Dietrich, Luca; Jan Ebr; J. Ellbracht; R. Engel; Anatoli Fedynitch; Max Fieg; Maria Vittoria Garzelli; Chloé Gaudu; G. Graziani; Pascal Gutjahr; A. Haungs; T Huege; Karolin Hymon; Mirco Hünnefeld; K.-H. Kampert; Leonora Kardum; Lars Kolk; N. Korneeva; Kröninger, Kevin; A. Maire; H. Menjo; Leonel Morejón; S. Ostapchenko; Petja Paakkinen; T. Pierog; Pavlo Plotko; Anton Prosekin; Lilly Pyras; Pöschl, Thomas; J. Rautenberg; M. Reininghaus; W. Rhode; Felix Riehn; M. Roth; Alexander Sandrock; Ina Sarčević; M. Schmelling; G. Sigl; Torbjörn Sjöstrand; Dennis Soldin; Michael A. Unger; Marius Utheim; J. Vícha; K. Werner; Michael Windau; V. Zhukov",Particle physics theoretical and experimental studies; High-Energy Particle Collisions Research; Particle Detector Development and Performance,https://arxiv.org/abs/2508.21796,https://openalex.org/W4415330694,OpenAlex,2026-09-13T06:45:46.732317+00:00,2025년 1~8월,반도체·AI 하드웨어
2508.21524,2508.21524,Binary Weight Multi-Bit Activation Quantization for Compute-in-Memory CNN Accelerators,"Compute-in-memory (CIM) accelerators have emerged as a promising way for enhancing the energy efficiency of convolutional neural networks (CNNs). Deploying CNNs on CIM platforms generally requires quantization of network weights and activations to meet hardware constraints. However, existing approaches either prioritize hardware efficiency with binary weight and activation quantization at the cost of accuracy, or utilize multi-bit weights and activations for greater accuracy but limited efficiency. In this paper, we introduce a novel binary weight multi-bit activation (BWMA) method for CNNs on CIM-based accelerators. Our contributions include: deriving closed-form solutions for weight quantization in each layer, significantly improving the representational capabilities of binarized weights; and developing a differentiable function for activation quantization, approximating the ideal multi-bit function while bypassing the extensive search for optimal settings. Through comprehensive experiments on CIFAR-10 and ImageNet datasets, we show that BWMA achieves notable accuracy improvements over existing methods, registering gains of 1.44\%-5.46\% and 0.35\%-5.37\% on respective datasets. Moreover, hardware simulation results indicate that 4-bit activation quantization strikes the optimal balance between hardware cost and model performance.",2025-08-29,2026-08-26T07:47:46.906454,Weitao Zhou; Zhengwu Liu; Yuan Ren; Ngai Wong,Advanced Neural Network Applications; Advanced Memory and Neural Computing; Big Data and Digital Economy,https://arxiv.org/abs/2508.21524,https://openalex.org/W4415991067,OpenAlex,2026-09-13T06:45:46.732317+00:00,2025년 1~8월,반도체·AI 하드웨어
2508.21287,2508.21287,$Δ$-Motif: Parallel Subgraph Isomorphism via Tabular Operations for Scalable Layout Selection,"Subgraph isomorphism is a fundamental problem in graph analysis that seeks to find all instances of a pattern graph within a larger data graph while preserving structural relationships. This NP-complete problem is central to domains such as biological network analysis, social network mining, and quantum circuit optimization. Traditional approaches rely on backtracking algorithms like VF2, which suffer from sequential bottlenecks that limit their ability to exploit modern parallel hardware. In this work, we introduce $Δ$-Motif, a GPU-accelerated subgraph isomorphism algorithm that reformulates the task through the lens of database operations. Our key insight is to represent both data and pattern graphs in tabular form, turning subgraph isomorphism into database primitives including joins, sorts, merges, and filters. $Δ$-Motif decomposes graphs into small building blocks called motifs and systematically combines them using scalable relational operations. By leveraging mature, optimized libraries from the NVIDIA RAPIDS ecosystem and Pandas framework, our solution achieves massive parallelism while remaining portable across systems supporting standard relational primitives. Benchmarks show that $Δ$-Motif outperforms established algorithms like VF2, achieving speedups of up to $595\times$ on GPUs. We further demonstrate its impact by applying it to quantum circuit compilation, addressing a critical bottleneck in quantum computing and enabling scaling to near- and medium-term devices. Our approach democratizes high-performance graph processing by exposing it through familiar database abstractions, eliminating the need for low-level programming while delivering exceptional computational efficiency.",2025-08-29,2026-09-06T09:10:53.072986,Yulun Wang; Esteban Ginez; Jamie Friel; Yuval Baum; Jin Sung Kim; Alex Shih; Oded Green,Graph Theory and Algorithms; Advanced Graph Neural Networks; Quantum Computing Algorithms and Architecture,https://arxiv.org/abs/2508.21287,https://openalex.org/W4416681825,OpenAlex,2026-09-13T06:45:46.732317+00:00,2025년 1~8월,반도체·AI 하드웨어
2506.09862,2506.09862,Guided graph compression for quantum graph neural networks,"Abstract Graph neural networks (GNNs) are effective for processing graph-structured data but face challenges with large graphs due to high memory requirements and inefficient sparse matrix operations on GPUs. Quantum computing offers a promising avenue to address these issues and inspires new algorithmic approaches. In particular, quantum GNNs (QGNNs) have been explored in recent literature. However, current quantum hardware limits the dimension of the data that can be effectively encoded. Existing approaches either simplify datasets manually or use artificial graph datasets. This work introduces the guided graph compression (GGC) framework, which uses a graph autoencoder to reduce both the number of nodes and the dimensionality of node features. The compression is guided to enhance the performance of a downstream classification task, which can be applied either with a quantum or a classical classifier. The framework is evaluated on the Jet Tagging task, a classification problem of fundamental importance in high energy physics that involves distinguishing particle jets initiated by quarks from those by gluons. We compare GGC to a model that uses the autoencoder as a preprocessing step and to a baseline classical GNN classifier. Our numerical results demonstrate that GGC outperforms both alternatives, while also facilitating the testing of novel QGNN ansatzes on realistic datasets.",2025-08-27,2026-09-03T10:48:47.769340,Mikel Casals; Vasilis Belis; Elías F. Combarro; Eduard Alarcón; S. Vallecorsa; Michele Grossi,Advanced Graph Neural Networks; Advanced Memory and Neural Computing; Quantum-Dot Cellular Automata,https://arxiv.org/abs/2506.09862,https://openalex.org/W4413754257,OpenAlex,2026-09-13T06:45:46.732317+00:00,2025년 1~8월,반도체·AI 하드웨어
2511.05615,2511.05615,wa-hls4ml: A Benchmark and Surrogate Models for hls4ml Resource and Latency Estimation,"As machine learning (ML) is increasingly implemented in hardware to address real-time challenges in scientific applications, the development of advanced toolchains has significantly reduced the time required to iterate on various designs. These advancements have solved major obstacles, but also exposed new challenges. For example, processes that were not previously considered bottlenecks, such as hardware synthesis, are becoming limiting factors in the rapid iteration of designs. To mitigate these emerging constraints, multipleefforts have been undertaken to develop an ML-based surrogate model that estimates resource usage of synthesized ML accelerator architectures. We introduce wa-hls4ml, a benchmark for ML accelerator resource and latency estimation, and its corresponding initial dataset of over 680 000 fully connected and convolutional neural networks, all synthesized using hls4ml and targeting Xilinx FPGAs. The benchmark evaluates the performance of resource and latency predictors against several common ML model architectures, primarily originating from scientific domains, as exemplar models, and the average performance across a subset of the dataset. Additionally, we introduce GNN- and transformer-based surrogate models that predict latency and resources for ML accelerators. We present the architecture and performance of the models and find that the models generally predict latency and resources for the 75% percentile within several percent of the synthesized resources on the synthetic test dataset.",2025-08-25,2026-09-03T10:48:47.769340,"Benjamin Hawks; Columbia U.; UC, San Diego; Johns Hopkins U.; Sherbrooke U.; CERN; Jason Weitz; Dmitri Demler; Karla Tame-Narvaez; Dennis Plotnikov; Mohammad Mehdi Rahimifar; Hilal Rahali; Audrey Corbeil Therrien; Donovan Sproule; E. E. Khoda; Keegan Smith; Russell D. Marroquin; Giuseppe Di Guglielmo; Nhan Viet Tran; J. Duarte; Vladimir Lončar",Semantic Web and Ontologies,https://arxiv.org/abs/2511.05615,https://openalex.org/W4415220943,OpenAlex,2026-09-13T06:45:46.732317+00:00,2025년 1~8월,반도체·AI 하드웨어
2508.15413,2508.15413,Bridging Generalization and Personalization in Human Activity Recognition via On-Device Few-Shot Learning,"Human Activity Recognition (HAR) with different sensing modalities requires both strong generalization across diverse users and efficient personalization for individuals. However, conventional HAR models often fail to generalize when faced with user-specific variations, leading to degraded performance. To address this challenge, we propose a novel on-device few-shot learning framework that bridges generalization and personalization in HAR. Our method first trains a generalizable representation across users and then rapidly adapts to new users with only a few labeled samples, updating lightweight classifier layers directly on resource-constrained devices. This approach achieves robust on-device learning with minimal computation and memory cost, making it practical for real-world deployment. We implement our framework on the energy-efficient RISC-V GAP9 microcontroller and evaluate it on three benchmark datasets (RecGym, QVAR-Gesture, Ultrasound-Gesture). Across these scenarios, post-deployment adaptation improves accuracy by 3.73\%, 17.38\%, and 3.70\%, respectively. These results demonstrate that few-shot on-device learning enables scalable, user-aware, and energy-efficient wearable human activity recognition by seamlessly uniting generalization and personalization. The related framework is open sourced for further research\footnote{https://github.com/kangpx/onlineTiny2023}.",2025-08-21,2026-08-26T07:47:46.906454,Pixi Kang; Julian Moosmann; Mengxi Liu; Bo Zhou; Michele Magno; Paul Lukowicz; Sizhen Bian,Context-Aware Activity Recognition Systems; Advanced Technologies in Various Fields,https://arxiv.org/abs/2508.15413,https://openalex.org/W4415058590,OpenAlex,2026-09-13T06:45:46.732317+00:00,2025년 1~8월,반도체·AI 하드웨어
2508.15160,2508.15160,Hardware Implementation of a Zero-Prior-Knowledge Approach to Lifelong Learning in Kinematic Control of Tendon-Driven Quadrupeds,"Like mammals, robots must rapidly learn to control their bodies and interact with their environment despite incomplete knowledge of their body structure and surroundings. They must also adapt to continuous changes in both. This work presents a bio-inspired learning algorithm, General-to-Particular (G2P), applied to a tendon-driven quadruped robotic system developed and fabricated in-house. Our quadruped robot undergoes an initial five-minute phase of generalized motor babbling, followed by 15 refinement trials (each lasting 20 seconds) to achieve specific cyclical movements. This process mirrors the exploration-exploitation paradigm observed in mammals. With each refinement, the robot progressively improves upon its initial ""good enough"" solution. Our results serve as a proof-of-concept, demonstrating the hardware-in-the-loop system's ability to learn the control of a tendon-driven quadruped with redundancies in just a few minutes to achieve functional and adaptive cyclical non-convex movements. By advancing autonomous control in robotic locomotion, our approach paves the way for robots capable of dynamically adjusting to new environments, ensuring sustained adaptability and performance.",2025-08-21,2026-08-26T07:47:46.906454,Hesam Azadjou; Suraj Chakravarthi Raja; Ali Marjaninejad; Francisco J. Valero‐Cuevas,Robotic Locomotion and Control; Robot Manipulation and Learning; Zebrafish Biomedical Research Applications,https://arxiv.org/abs/2508.15160,https://openalex.org/W4416050555,OpenAlex,2026-09-13T06:45:46.732317+00:00,2025년 1~8월,반도체·AI 하드웨어
2508.15536,2508.15536,A Novel Mutation Based Method for Detecting FPGA Logic Synthesis Tool Bugs,"FPGA (Field-Programmable Gate Array) logic synthesis tools are key components in the EDA (Electronic Design Automation) toolchain. They convert hardware designs written in description languages such as Verilog into gate-level representations for FPGAs. However, defects in these tools may lead to unexpected behaviors and pose security risks. Therefore, it is crucial to harden these tools through testing. Although several methods have been proposed to automatically test FPGA logic synthesis tools, the challenge remains of insufficient semantic and logical complexity in test programs. In this paper, we propose VERMEI, a new method for testing FPGA logic synthesis tools. VERMEI consists of three modules: preprocessing, equivalent mutation, and bug identification. The preprocessing module identifies zombie logic (inactive code with no impact on the circuit output) in seed programs through simulation and coverage analysis. The equivalent mutation module generates equivalent variants of seed programs by pruning or inserting logic fragments in zombie areas. It uses Bayesian sampling to extract logic fragments from historical Verilog designs, making the generated variants have complex control flows and structures. The bug identification module, based on differential testing, compares the synthesized outputs of seed and variant programs to identify bugs. Experiments on Yosys, Vivado, and Quartus demonstrate that VERMEI outperforms the state-of-the-art methods. Within five months, VERMEI reported 15 bugs to vendors, 9 of which were confirmed as new.",2025-08-21,2026-08-26T07:47:46.906454,Yi Zhang; Jiang He; Xiaochen Li; Shikai Guo; Peiyu Zou; Zun Wang,Software Testing and Debugging Techniques; Formal Methods in Verification; Radiation Effects in Electronics,https://arxiv.org/abs/2508.15536,https://openalex.org/W4416051218,OpenAlex,2026-09-13T06:45:46.732317+00:00,2025년 1~8월,반도체·AI 하드웨어
2508.15685,2508.15685,Row-Column Hybrid Grouping for Fault-Resilient Multi-Bit Weight Representation on IMC Arrays,"This paper addresses two critical challenges in analog In-Memory Computing (IMC) systems that limit their scalability and deployability: the computational unreliability caused by stuck-at faults (SAFs) and the high compilation overhead of existing fault-mitigation algorithms, namely Fault-Free (FF). To overcome these limitations, we first propose a novel multi-bit weight representation technique, termed row-column hybrid grouping, which generalizes conventional column grouping by introducing redundancy across both rows and columns. This structural redundancy enhances fault tolerance and can be effectively combined with existing fault-mitigation solutions. Second, we design a compiler pipeline that reformulates the fault-aware weight decomposition problem as an Integer Linear Programming (ILP) task, enabling fast and scalable compilation through off-the-shelf solvers. Further acceleration is achieved through theoretical insights that identify fault patterns amenable to trivial solutions, significantly reducing computation. Experimental results on convolutional networks and small language models demonstrate the effectiveness of our approach, achieving up to 8%p improvement in accuracy, 150x faster compilation, and 2x energy efficiency gain compared to existing baselines.",2025-08-21,2026-08-26T07:47:46.906454,Kang Eun Jeon; Sangheum Yeon; Jinhee Kim; Hyeonsu Bang; Johnny Rhe; Jong Hwan Ko,Embedded Systems Design Techniques; Interconnection Networks and Systems; Low-power high-performance VLSI design,https://arxiv.org/abs/2508.15685,https://openalex.org/W4416051420,OpenAlex,2026-09-13T06:45:46.732317+00:00,2025년 1~8월,반도체·AI 하드웨어
2508.15734,2508.15734,Measuring the environmental impact of delivering AI at Google Scale,"The transformative power of AI is undeniable - but as user adoption accelerates, so does the need to understand and mitigate the environmental impact of AI serving. However, no studies have measured AI serving environmental metrics in a production environment. This paper addresses this gap by proposing and executing a comprehensive methodology for measuring the energy usage, carbon emissions, and water consumption of AI inference workloads in a large-scale, AI production environment. Our approach accounts for the full stack of AI serving infrastructure - including active AI accelerator power, host system energy, idle machine capacity, and data center energy overhead. Through detailed instrumentation of Google's AI infrastructure for serving the Gemini AI assistant, we find the median Gemini Apps text prompt consumes 0.24 Wh of energy - a figure substantially lower than many public estimates. We also show that Google's software efficiency efforts and clean energy procurement have driven a 33x reduction in energy consumption and a 44x reduction in carbon footprint for the median Gemini Apps text prompt over one year. We identify that the median Gemini Apps text prompt uses less energy than watching nine seconds of television (0.24 Wh) and consumes the equivalent of five drops of water (0.26 mL). While these impacts are low compared to other daily activities, reducing the environmental impact of AI serving continues to warrant important attention. Towards this objective, we propose that a comprehensive measurement of AI serving environmental metrics is critical for accurately comparing models, and to properly incentivize efficiency gains across the full AI serving stack.",2025-08-21,2026-08-26T07:47:46.906454,"Cooper Elsworth; Keguo Huang; David A. Patterson; Ian Schneider; Robert A. Sedivy; Goodman, Savannah; Ben Townsend; Parthasarathy Ranganathan; Jeff Dean; Amin Vahdat; Ben Gomes; James Manyika",Green IT and Sustainability; Ethics and Social Impacts of AI; IoT and Edge/Fog Computing,https://arxiv.org/abs/2508.15734,https://openalex.org/W4416051525,OpenAlex,2026-09-13T06:45:46.732317+00:00,2025년 1~8월,반도체·AI 하드웨어
2508.14848,2508.14848,Leveraging Hardware-Aware Computation in Mixed-Precision Matrix Multiply: A Tile-Centric Approach,"General Matrix Multiplication (GEMM) is a critical operation underpinning a wide range of applications in high-performance computing (HPC) and artificial intelligence (AI). The emergence of hardware optimized for low-precision arithmetic necessitates a reevaluation of numerical algorithms to leverage mixed-precision computations, achieving improved performance and energy efficiency. This research introduces an adaptive mixed-precision GEMM framework that supports different precision formats at fine-grained tile/block levels. We utilize the PaRSEC runtime system to balance workloads across various architectures. The performance scales well on ARM CPU-based Fugaku supercomputer, Nvidia GPU-based A100 DGX, and AMD GPU-based Frontier supercomputer. This research aims to enhance computational efficiency and accuracy by bridging algorithmic advancements and hardware innovations, driving transformative progress in various applications.",2025-08-20,2026-08-26T07:47:46.906454,Qiao Zhang; Rabab Alomairy; Dali Wang; Zhihao Gu; Qinglei Cao,Parallel Computing and Optimization Techniques; Interconnection Networks and Systems; Cellular Automata and Applications,https://arxiv.org/abs/2508.14848,https://openalex.org/W4414990363,OpenAlex,2026-09-13T06:45:46.732317+00:00,2025년 1~8월,반도체·AI 하드웨어
2508.14520,2508.14520,Quantization Meets Spikes: Nearly Lossless Conversion at the First Timestep via Polarity Multi-Spike Mapping,"Spiking neural networks (SNNs) offer advantages in computational efficiency via event-driven computing, compared to traditional artificial neural networks (ANNs). While direct training methods tackle the challenge of non-differentiable activation mechanisms in SNNs, they often suffer from high computational and energy costs during training. As a result, ANN-to-SNN conversion approach remains a valuable and practical alternative. These conversion-based methods aim to leverage the discrete output produced by the quantization layer to obtain SNNs with low latency. Although the theoretical minimum latency is one timestep, existing conversion methods have struggled to realize such ultra-low latency without accuracy loss. Moreover, current quantization approaches often discard negative-value information following batch normalization and are highly sensitive to the hyperparameter configuration, leading to degraded performance. In this work, we, for the first time, analyze the information loss introduced by quantization layers through the lens of information entropy. Building on our analysis, we introduce polarity multi-spike mapping (PMSM) framework and a hyperparameter initialization strategy tailored for the quantization layer. Our method achieves nearly lossless ANN-to-SNN conversion at the extremity, i.e., the first timestep, while also leveraging the temporal dynamics of SNNs across multiple timesteps to maintain stable performance on complex tasks. Extensive experiments on six image and neuromorphic datasets consistently demonstrate that PMSM achieves nearly lossless accuracy at the first timestep. Remarkably, despite operating under ultra-low-latency constraints, PMSM surpasses state-of-the-art direct training methods on multiple benchmarks.",2025-08-20,2026-08-26T07:47:46.906454,"Hangming Zhang; Zheng Li; Ma, Chenxiang; Tang, Huajin; Cheng, Long; Tan, Kay Chen; Qiang Yu",Optical Polarization and Ellipsometry,https://arxiv.org/abs/2508.14520,https://openalex.org/W4415014703,OpenAlex,2026-09-13T06:45:46.732317+00:00,2025년 1~8월,반도체·AI 하드웨어
2508.15008,2508.15008,"Neural Network Quantization for Microcontrollers: A Comprehensive Survey of Methods, Platforms, and Applications","The deployment of Quantized Neural Networks (QNNs) on resource-constrained edge devices, such as microcontrollers (MCUs), introduces fundamental challenges in balancing model performance, computational complexity, and memory constraints. Tiny Machine Learning (TinyML) addresses these issues by jointly advancing machine learning algorithms, hardware architectures, and software optimization techniques to enable deep neural network inference on embedded systems. This survey provides a hardware-oriented perspective on neural network quantization, systematically reviewing the quantization methods most relevant to MCUs and extreme-edge devices. Particular emphasis is placed on the critical trade-offs between model performance and the capabilities of MCU-class hardware, including memory hierarchies, numerical representations, and accelerator support. The survey further reviews contemporary MCU hardware platforms, including ARM-based and RISC-V-based designs, as well as MCUs integrating neural processing units (NPUs) for low-precision inference, together with the supporting software stacks. In addition, we analyze real-world deployments of quantized models on MCUs and consolidate the application domains in which such systems are used. Finally, we discuss open challenges and outline promising future directions toward scalable, energy-efficient, and sustainable AI deployment on edge devices.",2025-08-20,2026-08-26T07:47:46.906454,Hamza A. Abushahla; Dara Varam; Ariel Justine N. Panopio; Mohamed I. AlHajri,Neural Networks and Applications; Sensor Technology and Measurement Systems,https://arxiv.org/abs/2508.15008,https://openalex.org/W4415090260,OpenAlex,2026-09-13T06:45:46.732317+00:00,2025년 1~8월,반도체·AI 하드웨어
2508.14374,2508.14374,QuadINR: Hardware-Efficient Implicit Neural Representations Through Quadratic Activation,"Implicit Neural Representations (INRs) encode discrete signals continuously while addressing spectral bias through activation functions (AFs). Previous approaches mitigate this bias by employing complex AFs, which often incur significant hardware overhead. To tackle this challenge, we introduce QuadINR, a hardware-efficient INR that utilizes piecewise quadratic AFs to achieve superior performance with dramatic reductions in hardware consumption. The quadratic functions encompass rich harmonic content in their Fourier series, delivering enhanced expressivity for high-frequency signals, as verified through Neural Tangent Kernel (NTK) analysis. We develop a unified $N$-stage pipeline framework that facilitates efficient hardware implementation of various AFs in INRs. We demonstrate FPGA implementations on the VCU128 platform and an ASIC implementation in a 28nm process. Experiments across images and videos show that QuadINR achieves up to 2.06dB PSNR improvement over prior work, with an area of only 1914$μ$m$^2$ and a dynamic power of 6.14mW, reducing resource and power consumption by up to 97\% and improving latency by up to 93\% vs existing baselines.",2025-08-20,2026-08-26T07:47:46.906454,Wenyong Zhou; Boyu Li; Jiachen Ren; Taiqiang Wu; Zhilin Ai; Zhengwu Liu; Ngai Wong,Neural Networks and Applications; Advanced Neural Network Applications; Brain Tumor Detection and Classification,https://arxiv.org/abs/2508.14374,https://openalex.org/W4415239302,OpenAlex,2026-09-13T06:45:46.732317+00:00,2025년 1~8월,반도체·AI 하드웨어
2508.14375,2508.14375,Computing-In-Memory Dataflow for Minimal Buffer Traffic,"Computing-In-Memory (CIM) offers a potential solution to the memory wall issue and can achieve high energy efficiency by minimizing data movement, making it a promising architecture for edge AI devices. Lightweight models like MobileNet and EfficientNet, which utilize depthwise convolution for feature extraction, have been developed for these devices. However, CIM macros often face challenges in accelerating depthwise convolution, including underutilization of CIM memory and heavy buffer traffic. The latter, in particular, has been overlooked despite its significant impact on latency and energy consumption. To address this, we introduce a novel CIM dataflow that significantly reduces buffer traffic by maximizing data reuse and improving memory utilization during depthwise convolution. The proposed dataflow is grounded in solid theoretical principles, fully demonstrated in this paper. When applied to MobileNet and EfficientNet models, our dataflow reduces buffer traffic by 77.4-87.0%, leading to a total reduction in data traffic energy and latency by 10.1-17.9% and 15.6-27.8%, respectively, compared to the baseline (conventional weight-stationary dataflow).",2025-08-20,2026-08-26T07:47:46.906454,Choongseok Song; Doo Seok Jeong,Distributed and Parallel Computing Systems; Parallel Computing and Optimization Techniques; Advanced Data Storage Technologies,https://arxiv.org/abs/2508.14375,https://openalex.org/W4415239316,OpenAlex,2026-09-13T06:45:46.732317+00:00,2025년 1~8월,반도체·AI 하드웨어
2508.14414,2508.14414,Wit-HW: Bug Localization in Hardware Design Code via Witness Test Case Generation,"Debugging hardware designs requires significant manual effort during hardware development. After engineers identify a bug-triggering test case in simulation-based hardware verification, they usually spend considerable time analyzing the execution trace to localize the bug. Although numerous automated hardware debugging techniques exist, they are not applicable to large designs and deep bugs. A primary reason for their limitations is that these techniques only utilize the information of a single bug-triggering test case for bug localization, which prevents them from effectively analyzing intricate hardware systems and figure out the root cause of bugs. To solve this problem, in this paper, we transform the hardware bug localization problem into a test generation problem, aiming to find a set of effective witness test cases beyond the initial bug-triggering test case to enhance hardware bug localization. Witness test cases refer to the cases that do not trigger the bug in the faulty design. By analyzing the execution differences between passing and failing test cases with spectrum-based method, we can eliminate innocent design statements and localize the buggy ones. To further refine the suspicious area, we define the criteria for effective witness test cases and use a mutation-based strategy to generate such test cases. Based on this approach, we propose an automated hardware bug localization framework named Wit-HW. We evaluate Wit-HW on 41 bugs from various hardware designs. The experimental results show that Wit-HW effectively localize 49%, 73%, 88% bugs within Top-1, Top-5, Top-10 ranks, significantly outperforming state-of-the-art bug localization techniques. Additionally, we evaluate Wit-HW on 13 real-world bugs collected from open-source hardware projects, showcasing the robust performance of our method.",2025-08-20,2026-08-26T07:47:46.906454,Ruiyang Ma; Daikang Kuang; Ziqian Liu; Jiaxi Zhang; Fan Ping; Guojie Luo,Software Testing and Debugging Techniques; Advanced Malware Detection Techniques; Software Engineering Research,https://arxiv.org/abs/2508.14414,https://openalex.org/W4415239324,OpenAlex,2026-09-13T06:45:46.732317+00:00,2025년 1~8월,반도체·AI 하드웨어
2508.14582,2508.14582,An Open-Source HW-SW Co-Development Framework Enabling Efficient Multi-Accelerator Systems,"Heterogeneous accelerator-centric compute clusters are emerging as efficient solutions for diverse AI workloads. However, current integration strategies often compromise data movement efficiency and encounter compatibility issues in hardware and software. This prevents a unified approach that balances performance and ease of use. To this end, we present SNAX, an open-source integrated HW-SW framework enabling efficient multi-accelerator platforms through a novel hybrid-coupling scheme, consisting of loosely coupled asynchronous control and tightly coupled data access. SNAX brings reusable hardware modules designed to enhance compute accelerator utilization, and its customizable MLIR-based compiler to automate key system management tasks, jointly enabling rapid development and deployment of customized multi-accelerator compute clusters. Through extensive experimentation, we demonstrate SNAX's efficiency and flexibility in a low-power heterogeneous SoC. Accelerators can easily be integrated and programmed to achieve > 10x improvement in neural network performance compared to other accelerator systems while maintaining accelerator utilization of > 90% in full system operation.",2025-08-20,2026-08-26T07:47:46.906454,"Ryan Antonio; Joren Dumoulin; Xiaoling Yi; Josse Van Delm; Deng, Yunhao; Guilherme Paim; Marian Verhelst",Spacecraft and Cryogenic Technologies; Energy Harvesting in Wireless Networks; Spacecraft Design and Technology,https://arxiv.org/abs/2508.14582,https://openalex.org/W4415241235,OpenAlex,2026-09-13T06:45:46.732317+00:00,2025년 1~8월,반도체·AI 하드웨어
2508.13728,2508.13728,BioGAP-Ultra: A Modular Edge-AI Platform for Wearable Multimodal Biosignal Acquisition and Processing,"The growing demand for continuous physiological monitoring and human-machine interaction in real-world settings calls for wearable platforms that are flexible, low-power, and capable of on-device intelligence. This work presents BioGAP-Ultra, an advanced multimodal biosensing platform that supports synchronized acquisition of diverse electrophysiological and hemodynamic signals such as EEG, EMG, ECG, and PPG while enabling embedded AI processing at state-of-the-art energy efficiency. BioGAP-Ultra is a major extension of our previous BioGAP design aimed at meeting the rapidly growing requirements of wearable biosensing applications. It features (i) increased on-device storage (x2 SRAM, x4 FLASH), (ii) improved wireless connectivity (supporting up to 1.4 Mbit/s bandwidth, x4 higher than BioGAP), (iii) enhanced number of signal modalities (from 3 to 5) and analog input channels (x2). Further, it is accompanied by a real-time visualization and analysis software suite that supports the hardware design, providing access to raw data and real-time configurability on a mobile phone. Finally, we demonstrate the system's versatility through integration into various wearable form factors: an EEG-PPG headband consuming 32.8 mW, an EMG sleeve at 26.7 mW, and an ECG-PPG chestband requiring only 9.3 mW for continuous acquisition and streaming, tailored for diverse biosignal applications. To showcase its edge-AI capabilities, we further deploy two representative on-device applications: (1) ECG-PPG-based PAT estimation at 8.6 mW, and (2) EMG-ACC-based classification of reach-and-grasp motion phases, achieving 79.9 % $\pm$ 5.7 % accuracy at 23.6 mW. All hardware and software design files are also released open-source with a permissive license.",2025-08-19,2026-08-26T07:47:46.906454,Sebastian Frey; Giusy Spacone; Andrea Cossettini; Marco Guermandi; Philipp Schilk; Luca Benini; Victor Kartsch,Digital Transformation in Industry; Gaze Tracking and Assistive Technology; Modular Robots and Swarm Intelligence,https://arxiv.org/abs/2508.13728,https://openalex.org/W4414546371,OpenAlex,2026-09-13T06:45:46.732317+00:00,2025년 1~8월,반도체·AI 하드웨어
2508.13478,2508.13478,Distribution-Aware Hadamard Quantization for Hardware-Efficient Implicit Neural Representations,"Implicit Neural Representations (INRs) encode discrete signals using Multi-Layer Perceptrons (MLPs) with complex activation functions. While INRs achieve superior performance, they depend on full-precision number representation for accurate computation, resulting in significant hardware overhead. Previous INR quantization approaches have primarily focused on weight quantization, offering only limited hardware savings due to the lack of activation quantization. To fully exploit the hardware benefits of quantization, we propose DHQ, a novel distribution-aware Hadamard quantization scheme that targets both weights and activations in INRs. Our analysis shows that the weights in the first and last layers have distributions distinct from those in the intermediate layers, while the activations in the last layer differ significantly from those in the preceding layers. Instead of customizing quantizers individually, we utilize the Hadamard transformation to standardize these diverse distributions into a unified bell-shaped form, supported by both empirical evidence and theoretical analysis, before applying a standard quantizer. To demonstrate the practical advantages of our approach, we present an FPGA implementation of DHQ that highlights its hardware efficiency. Experiments on diverse image reconstruction tasks show that DHQ outperforms previous quantization methods, reducing latency by 32.7\%, energy consumption by 40.1\%, and resource utilization by up to 98.3\% compared to full-precision counterparts.",2025-08-19,2026-08-26T07:47:46.906454,Wenyong Zhou; Jiachen Ren; Taiqiang Wu; Yuxin Cheng; Zhengwu Liu; Ngai Wong,Neural Networks and Reservoir Computing; Neural Networks and Applications; Sparse and Compressive Sensing Techniques,https://arxiv.org/abs/2508.13478,https://openalex.org/W4414991864,OpenAlex,2026-09-13T06:45:46.732317+00:00,2025년 1~8월,반도체·AI 하드웨어
2508.13558,2508.13558,Color Spike Data Generation via Bio-inspired Neuron-like Encoding with an Artificial Photoreceptor Layer,"In recent years, neuromorphic computing and spiking neural networks (SNNs) have ad-vanced rapidly through integration with deep learning. However, the performance of SNNs still lags behind that of convolutional neural networks (CNNs), primarily due to the limited information capacity of spike-based data. Although some studies have attempted to improve SNN performance by training them with non-spiking inputs such as static images, this approach deviates from the original intent of neuromorphic computing, which emphasizes spike-based information processing. To address this issue, we propose a Neuron-like Encoding method that generates spike data based on the intrinsic operational principles and functions of biological neurons. This method is further enhanced by the incorporation of an artificial pho-toreceptor layer, enabling spike data to carry both color and luminance information, thereby forming a complete visual spike signal. Experimental results using the Integrate-and-Fire neuron model demonstrate that this biologically inspired approach effectively increases the information content of spike signals and improves SNN performance, all while adhering to neuromorphic principles. We believe this concept holds strong potential for future development and may contribute to overcoming current limitations in neuro-morphic computing, facilitating broader applications of SNNs.",2025-08-19,2026-08-26T07:47:46.906454,"Hsieh Ching-Teng; Yuan-Kai, Wang",Water Quality Monitoring Technologies,https://arxiv.org/abs/2508.13558,https://openalex.org/W4414992059,OpenAlex,2026-09-13T06:45:46.732317+00:00,2025년 1~8월,반도체·AI 하드웨어
2508.13697,2508.13697,The DeepLog Neurosymbolic Machine,"We contribute a theoretical and operational framework for neurosymbolic AI called DeepLog. DeepLog introduces building blocks and primitives for neurosymbolic AI that make abstraction of commonly used representations and computational mechanisms in neurosymbolic AI. DeepLog can represent and emulate a wide range of neurosymbolic systems. It consists of two key components. The first is the DeepLog language for specifying neurosymbolic models and inference tasks. This language consists of an annotated neural extension of grounded first-order logic, and makes abstraction of the type of logic, e.g. Boolean, fuzzy or probabilistic, and whether logic is used in the architecture or in the loss function. The second DeepLog component is situated at the computational level and uses extended algebraic circuits as computational graphs. Together these two components are to be considered as a neurosymbolic abstract machine, with the DeepLog language as the intermediate level of abstraction and the circuits level as the computational one. DeepLog is implemented in software, relies on the latest insights in implementing algebraic circuits on GPUs, and is declarative in that it is easy to obtain different neurosymbolic models by making different choices for the underlying algebraic structures and logics. The generality and efficiency of the DeepLog neurosymbolic machine is demonstrated through an experimental comparison between 1) different fuzzy and probabilistic logics, 2) between using logic in the architecture or in the loss function, and 3) between a standalone CPU-based implementation of a neurosymbolic AI system and a DeepLog GPU-based one.",2025-08-19,2026-08-26T07:47:46.906454,Vincent Derkinderen; Robin Manhaeve; Rik Adriaensen; Lucas Van Praet; Lennert De Smet; Giuseppe Marra; Luc De Raedt,Neural dynamics and brain function,https://arxiv.org/abs/2508.13697,https://openalex.org/W4414992390,OpenAlex,2026-09-13T06:45:46.732317+00:00,2025년 1~8월,반도체·AI 하드웨어
2508.13973,2508.13973,"Roadblocks and Opportunities in Quantum Algorithms -- Insights from the National Quantum Initiative Joint Algorithms Workshop, May 20--22, 2024","The National Quantum Initiative Joint Algorithms Workshop brought together researchers across academia, national laboratories, and industry to assess the current landscape of quantum algorithms and discuss roadblocks to progress. The workshop featured discussions on emerging algorithmic techniques, resource constraints in near-term hardware, and opportunities for co-design across software and systems. Presented here are seven topics from the workshop, each highlighting a critical challenge or promising opportunity discussed during the event. Together, they offer a snapshot of the field's evolving priorities and a shared vision for what is needed to advance quantum computational capabilities.",2025-08-19,2026-08-26T07:47:46.906454,Eliot Kapit; Peter J. Love; Jeffrey Larson; Andrew Sornborger; Eleanor Crane; Alexander Schuckert; Teague Tomesh; Frederic T. Chong; Sabre Kais,Quantum Computing Algorithms and Architecture; Distributed and Parallel Computing Systems; Cloud Computing and Resource Management,https://arxiv.org/abs/2508.13973,https://openalex.org/W4415014212,OpenAlex,2026-09-13T06:45:46.732317+00:00,2025년 1~8월,반도체·AI 하드웨어
2508.13244,2508.13244,Sub-Millisecond Event-Based Eye Tracking on a Resource-Constrained Microcontroller,"This paper presents a novel event-based eye-tracking system deployed on a resource-constrained microcontroller, addressing the challenges of real-time, low-latency, and low-power performance in embedded systems. The system leverages a Dynamic Vision Sensor (DVS), specifically the DVXplorer Micro, with an average temporal resolution of 200 μs, to capture rapid eye movements with extremely low latency. The system is implemented on a novel low-power and high-performance microcontroller from STMicroelectronics, the STM32N6. The microcontroller features an 800 MHz Arm Cortex-M55 core and AI hardware accelerator, the Neural-ART Accelerator, enabling real-time inference with milliwatt power consumption. The paper propose a hardware-aware and sensor-aware compact Convolutional Neuron Network (CNN) optimized for event-based data, deployed at the edge, achieving a mean pupil prediction error of 5.99 pixels and a median error of 5.73 pixels on the Ini-30 dataset. The system achieves an end-to-end inference latency of just 385 μs and a neural network throughput of 52 Multiply and Accumulate (MAC) operations per cycle while consuming just 155 μJ of energy. This approach allows for the development of a fully embedded, energy-efficient eye-tracking solution suitable for applications such as smart glasses and wearable devices.",2025-08-18,2026-08-26T07:47:46.906454,Marco Giordano; Pietro Bonazzi; Luca Benini; Michele Magno,Advanced Optical Sensing Technologies; Gaze Tracking and Assistive Technology; Ocular and Laser Science Research,https://arxiv.org/abs/2508.13244,https://openalex.org/W4414991344,OpenAlex,2026-09-13T06:45:46.732317+00:00,2025년 1~8월,반도체·AI 하드웨어
2505.01116,2505.01116,Controllable gliders in a nanomagnetic metamaterial,"Artificial Spin Ice (ASI) are promising metamaterials for neuromorphic computing, composed of interacting nanomagnets arranged in the plane. Every computing device requires the ability to transform, transmit and store information. While ASI excel at data transformation, their transmission and storage capabilities have been lacking. Here, we take inspiration from Cellular Automata, where information transmission and storage can be realised by the glider, a simple moving structure. Employing an evolutionary algorithm, we discover the snake, a glider in pinwheel ASI. The snake is controlled by a global field protocol, providing precise manipulation of a magnetic texture on the order of 100 nm. We present the snake, both in simulation and experimentally, investigate the mechanism behind its movement and its robustness to disorder. Finally, we demonstrate how the snake can be exploited for computation and memory. The snake enables the integration of information transmission, storage and transformation into one magnetic substrate, unlocking the potential for ultra-low power computing devices.",2025-08-13,2026-08-26T07:47:46.906454,Arthur Penty; Johannes H. Jensen; Ida Breivik; Anders Strømberg; Erik Folven; Gunnar Tufte,Neural Networks and Reservoir Computing; Quantum many-body systems; Random lasers and scattering media,https://arxiv.org/abs/2505.01116,https://openalex.org/W4413116276,OpenAlex,2026-09-13T06:45:46.732317+00:00,2025년 1~8월,반도체·AI 하드웨어
2508.08744,2508.08744,Scalable Graph Indexing using GPUs for Approximate Nearest Neighbor Search,"Approximate nearest neighbor search (ANNS) in high-dimensional vector spaces has a wide range of real-world applications. Numerous methods have been proposed to handle ANNS efficiently, while graph-based indexes have gained prominence due to their high accuracy and efficiency. However, the indexing overhead of graph-based indexes remains substantial. With exponential growth in data volume and increasing demands for dynamic index adjustments, this overhead continues to escalate, posing a critical challenge. In this paper, we introduce Tagore, a fast library accelerated by GPUs for graph indexing, which has powerful capabilities of constructing refinement-based graph indexes such as NSG and Vamana. We first introduce GNN-Descent, a GPU-specific algorithm for efficient k-Nearest Neighbor (k-NN) graph initialization. GNN-Descent speeds up the similarity comparison by a two-phase descent procedure and enables highly parallelized neighbor updates. Next, aiming to support various k-NN graph pruning strategies, we formulate a universal computing procedure termed CFS and devise two generalized GPU kernels for parallel processing complex dependencies in neighbor relationships. For large-scale datasets exceeding GPU memory capacity, we propose an asynchronous GPU-CPU-disk indexing framework with a cluster-aware caching mechanism to minimize the I/O pressure on the disk. Extensive experiments on 7 real-world datasets exhibit that Tagore achieves 1.32x-112.79x speedup while maintaining the index quality.",2025-08-12,2026-09-11T09:22:31.653822,Zhonggen Li; Xiangyu Ke; Yifan Zhu; Bocheng Yu; Baihua Zheng; Yunjun Gao,Graph Theory and Algorithms; Data Management and Algorithms; Advanced Image and Video Retrieval Techniques,https://arxiv.org/abs/2508.08744,https://openalex.org/W4416243755,OpenAlex,2026-09-13T06:45:46.732317+00:00,2025년 1~8월,반도체·AI 하드웨어
2504.06323,2504.06323,Mosaic: Composite projection pruning for resource-efficient LLMs,"Extensive compute and memory requirements limit the deployment of large language models (LLMs) on any hardware. Compression methods, such as pruning, can reduce model size, which in turn reduces resource requirements. State-of-the-art pruning is based on coarse-grained methods. They are time-consuming and inherently remove critical model parameters, adversely impacting the quality of the pruned model. This paper introduces projection pruning, a novel fine-grained method for pruning LLMs. In addition, LLM projection pruning is enhanced by a new approach we refer to as composite projection pruning — the synergistic combination of unstructured pruning that retains accuracy and structured pruning that reduces model size. We develop Mosaic , a novel system to create and deploy pruned LLMs using composite projection pruning. Mosaic is evaluated using a range of performance and quality metrics on multiple hardware platforms, LLMs, and datasets. Mosaic is 7.19 × faster in producing models than existing approaches. Mosaic models achieve up to 84.2% lower perplexity and 31.4% higher accuracy than models obtained from coarse-grained pruning. Up to 67% faster inference and 68% lower GPU memory use is noted for Mosaic models. • LLMs are difficult to optimize without hardware and software accelerators. • Pruning makes LLMs smaller and faster for Edge devices. • Existing pruning methods rely on accelerators and reduce LLM quality. • Mosaic uses composite pruning to make LLMs resource-efficient without accelerators. • Mosaic has better accuracy and perplexity than existing pruning methods.",2025-08-11,2026-08-26T07:47:46.906454,Bailey J. Eccles; Leon Wong; Blesson Varghese,Advanced Data Storage Technologies; Algorithms and Data Compression; Distributed and Parallel Computing Systems,https://arxiv.org/abs/2504.06323,https://openalex.org/W4413216838,OpenAlex,2026-09-13T06:45:46.732317+00:00,2025년 1~8월,반도체·AI 하드웨어
2508.07796,2508.07796,TLV-HGNN: Thinking Like a Vertex for Memory-efficient HGNN Inference,"Heterogeneous graph neural networks (HGNNs) excel at processing heterogeneous graph data and are widely applied in critical domains. In HGNN inference, the neighbor aggregation stage is the primary performance determinant, yet it suffers from two major sources of memory inefficiency. First, the commonly adopted per-semantic execution paradigm stores intermediate aggregation results for each semantic prior to semantic fusion, causing substantial memory expansion. Second, the aggregation process incurs extensive redundant memory accesses, including repeated loading of target vertex features across semantics and repeated accesses to shared neighbors due to cross-semantic neighborhood overlap. These inefficiencies severely limit scalability and reduce HGNN inference performance. In this work, we first propose a semantics-complete execution paradigm from a vertex perspective that eliminates per-semantic intermediate storage and redundant target vertex accesses. Building on this paradigm, we design TVL-HGNN, a reconfigurable hardware accelerator optimized for efficient aggregation. In addition, we introduce a vertex grouping technique based on cross-semantic neighborhood overlap, with hardware implementation, to reduce redundant accesses to shared neighbors. Experimental results demonstrate that TVL-HGNN achieves average speedups of 7.85x and 1.41x over the NVIDIA A100 GPU and the state-of-the-art HGNN accelerator HiHGNN, respectively, while reducing energy consumption by 98.79% and 32.61%.",2025-08-11,2026-08-26T07:47:46.906454,"Han, Dengke; Duo Wang; Mingyu Yan; X. Ye; Dongrui Fan",Advanced Graph Neural Networks; Graph Theory and Algorithms; Big Data and Digital Economy,https://arxiv.org/abs/2508.07796,https://openalex.org/W4416242829,OpenAlex,2026-09-13T06:45:46.732317+00:00,2025년 1~8월,반도체·AI 하드웨어
2504.06548,2504.06548,Ice sculpting: An artificial spin ice Tutorial on controlling microstate and geometry for magnonics and neuromorphic computing,"Artificial spin ice, arrays of strongly interacting nanomagnets, are complex magnetic systems with many emergent properties, rich microstate spaces, intrinsic physical memory, high-frequency dynamics in the GHz range, and compatibility with a broad range of measurement approaches. This Tutorial article aims to provide the foundational knowledge needed to understand, design, develop, and improve the dynamic properties of artificial spin ice. Special emphasis is placed on introducing the theory of micromagnetics, which describes the complex dynamics within these systems, along with their design, fabrication methods, and standard measurement and control techniques. The article begins with a review of the historical background, introducing the underlying physical phenomena and interactions that govern artificial spin ice. We then explore the standard experimental techniques used to prepare the microstate space of the nanomagnetic array and to characterize magnetization dynamics, both in artificial spin ice and more broadly in ferromagnetic materials. Finally, we introduce the basics of neuromorphic computing applied to the case of artificial spin ice systems with a goal to help researchers new to the field grasp these exciting new developments.",2025-08-08,2026-08-26T07:47:46.906454,R. Sultana; Amrit Kumar Mondal; Vinayak Shantaram Bhat; Kilian D. Stenning; Yue Li; Daan M. Arroo; Aastha Vasdev; Margaret R. McCarter; L. E. De Long; J. Todd Hastings; Jack C. Gartside; M. Benjamin Jungfleisch,Advanced Condensed Matter Physics; Quantum many-body systems; Theoretical and Computational Physics,https://arxiv.org/abs/2504.06548,https://openalex.org/W4413131266,OpenAlex,2026-09-13T06:45:46.732317+00:00,2025년 1~8월,반도체·AI 하드웨어
2504.10576,2504.10576,Cosmogenic neutrinos as probes of new physics,"A bstract The scattering of extremely energetic cosmic rays with both cosmic microwave background and extragalactic background light, can produce 𝒪(10 18 eV) neutrinos, known as cosmogenic neutrinos. These neutrinos are the only messengers from the extreme cosmic accelerators that can reveal the origin of the most energetic cosmic rays. Consequently, much effort is being devoted to achieving their detection. In particular, the GRAND project aims to observe the ν τ and $$ {\overline{\nu}}_{\tau } $$ ν ¯ τ components of the cosmogenic neutrino flux in the near future using radio antennas. In this work, we investigate how the detection of cosmogenic neutrinos by GRAND can be used to probe beyond the Standard Model physics. We identify three well-motivated scenarios which induce distinct features in the cosmogenic neutrino spectrum at Earth: neutrino self-interactions mediated by a light scalar ( ν SI), pseudo-Dirac neutrinos (PD ν ) and neutrinos scattering on ultra-light Dark Matter ( ν DM). We show these scenarios can be tested by GRAND, using 10 years of cosmogenic neutrino data, in a region of parameter space complementary to current experiments. For the ν SI model„ we find that GRAND can constrain the coupling to ν τ in the range [10 −2 , 10 −1 ] for a scalar with mass in the range 0.1 to 1 GeV. For PD ν , we find that GRAND is sensitive to sterile-active mass squared splitting in the range [10 −15 , 10 −13 ] eV 2 . Finally, for the ν DM model, assuming a heavy mediator, GRAND can do substantially better than the current limits from other available data. These results rely on the fact that the actual cosmogenic flux is around the corner, not far from the current IceCube limit.",2025-08-07,2026-08-26T07:47:46.906454,Luighi P. S. Leal; Daniel Naredo-Tuero; R. Zukanovich Funchal,Astrophysics and Cosmic Phenomena; Dark Matter and Cosmic Phenomena; Neutrino Physics Research,https://arxiv.org/abs/2504.10576,https://openalex.org/W4413248738,OpenAlex,2026-09-13T06:45:46.732317+00:00,2025년 1~8월,반도체·AI 하드웨어
2508.02309,2508.02309,PUSHtap: PIM-based In-Memory HTAP with Unified Data Storage Format,"Hybrid transaction/analytical processing (HTAP) is an emerging database paradigm that supports both online transaction processing (OLTP) and online analytical processing (OLAP) workloads. Computing-intensive OLTP operations, involving row-wise data manipulation, are suitable for row-store format. In contrast, memory-intensive OLAP operations, which are column-centric, benefit from column-store format. This data-format dilemma prevents HTAP systems from concurrently achieving three design goals: performance isolation, data freshness, and workload-specific optimization. Another background technology is Processing-in-Memory (PIM), which integrates computing units (PIM units) inside DRAM memory devices to accelerate memory-intensive workloads, including OLAP. Our key insight is to combine the interleaved CPU access and localized PIM unit access to provide two-dimensional access to address the data format contradictions inherent in HTAP. First, we propose a unified data storage format with novel data alignment and placement techniques to optimize the effective bandwidth of CPUs and PIM units and exploit the PIM's parallelism. Second, we implement the multi-version concurrency control (MVCC) essential for single-instance HTAP. Third, we extend the commercial PIM architecture to support the OLAP operations and concurrent access from PIM and CPU. Experiments show that PUSHtap can achieve 3.4X/4.4X OLAP/OLTP throughput improvement compared to multi-instance PIM-based design.",2025-08-06,2026-08-26T07:47:46.906454,Yilong Zhao; Mingyu Gao; Huanchen Zhang; Fangxin Liu; Gongye Chen; He Xian; Haibing Guan; Li Jiang,Advanced Data Storage Technologies; Parallel Computing and Optimization Techniques; Caching and Content Delivery,https://arxiv.org/abs/2508.02309,https://openalex.org/W4413014924,OpenAlex,2026-09-13T06:45:46.732317+00:00,2025년 1~8월,반도체·AI 하드웨어
2506.15316,2506.15316,J3DAI: A tiny DNN-Based Edge AI Accelerator for 3D-Stacked CMOS Image Sensor,"This paper presents J3DAI, a tiny deep neural network-based hardware accelerator for a 3-layer 3D-stacked CMOS image sensor featuring an artificial intelligence (AI) chip integrating a Deep Neural Network (DNN)-based accelerator. The DNN accelerator is designed to efficiently perform neural network tasks such as image classification and segmentation. This paper focuses on the digital system of J3DAI, highlighting its Performance-Power-Area (PPA) characteristics and showcasing advanced edge AI capabilities on a CMOS image sensor.To support hardware, we utilized the Aidge comprehensive software framework, which enables the programming of both the host processor and the DNN accelerator. Aidge supports post-training quantization, significantly reducing memory footprint and computational complexity, making it crucial for deploying models on resource-constrained hardware like J3DAI.Our experimental results demonstrate the versatility and efficiency of this innovative design in the field of edge AI, showcasing its potential to handle both simple and computationally intensive tasks.",2025-08-06,2026-08-26T07:47:46.906454,Benoît Tain; Raphaël Millet; Romain Lemaire; Michal Szczepanski; Laurent Alacoque; Emmanuel Pluchart; Sylvain Choisnet; Rohit Prasad; Jérôme Chossat; Pascal Pierunek; Pascal Vivet; Sébastien Thuries,CCD and CMOS Imaging Sensors; Image Processing Techniques and Applications; Infrared Target Detection Methodologies,https://arxiv.org/abs/2506.15316,https://openalex.org/W4414381613,OpenAlex,2026-09-13T06:45:46.732317+00:00,2025년 1~8월,반도체·AI 하드웨어
2507.05141,2507.05141,Hardware-efficient tractable probabilistic inference for TinyML Neurosymbolic AI applications,"Neurosymbolic AI (NSAI) has recently emerged to mitigate limitations associated with deep learning (DL) models, e.g. quantifying their uncertainty or reason with explicit rules. Hence, TinyML hardware will need to support these symbolic models to bring NSAI to embedded scenarios. Yet, although symbolic models are typically compact, their sparsity and computation resolution contrasts with low-resolution and dense neuro models, which is a challenge on resource-constrained TinyML hardware severely limiting the size of symbolic models that can be computed. In this work, we remove this bottleneck leveraging a tight hardware/software integration to present a complete framework to compute NSAI with TinyML hardware. We focus on symbolic models realized with tractable probabilistic circuits (PCs), a popular subclass of probabilistic models for hardware integration. This framework: (1) trains a specific class of hardware-efficient deterministic PCs, chosen for the symbolic task; (2) compresses this PC until it can be computed on TinyML hardware with minimal accuracy degradation, using our nth-root compression technique, and (3) deploys the complete NSAI model on TinyML hardware. Compared to a 64b precision baseline necessary for the PC without compression, our workflow leads to significant hardware reduction on FPGA (up to 82.3% in FF, 52.6% in LUTs, and 18.0% in Flash usage) and an average inference speedup of 4.67× on ESP32 microcontroller.",2025-08-04,2026-09-11T09:22:31.653822,Jelin Leslin; Martin Trapp; Martin Andraud,Neural Networks and Applications; Machine Learning and Data Classification; Machine Learning and Algorithms,https://arxiv.org/abs/2507.05141,https://openalex.org/W4413442540,OpenAlex,2026-09-13T06:45:46.732317+00:00,2025년 1~8월,반도체·AI 하드웨어
2605.00005,2605.00005,Cloud Is Closer Than It Appears: Revisiting the Tradeoffs of Distributed Real-Time Inference,"The increasing deployment of deep neural networks (DNNs) in cyber-physical systems (CPS) enhances perception fidelity, but imposes substantial computational demands on execution platforms, posing challenges to real-time control deadlines. Traditional distributed CPS architectures typically favor on-device inference to avoid network variability and contention-induced delays on remote platforms. However, this design choice places significant energy and computational demands on the local hardware. In this work, we revisit the assumption that cloud-based inference is intrinsically unsuitable for latency-sensitive control tasks. We demonstrate that, when provisioned with high-throughput compute resources, cloud platforms can effectively amortize network and queueing delays, enabling them to match or surpass on-device performance for real-time decision-making. Specifically, we develop a formal analytical model that characterizes distributed inference latency as a function of the sensing frequency, platform throughput, network delay, and task-specific safety constraints. We instantiate this model in the context of emergency braking for autonomous driving and validate it through extensive simulations using real-time vehicular dynamics. Our empirical results identify concrete conditions under which cloud-based inference adheres to safety margins more reliably than its on-device counterpart. These findings challenge prevailing design strategies and suggest that the cloud is not merely a feasible option, but often the preferred inference location for distributed CPS architectures. In this light, the cloud is not as distant as traditionally perceived; in fact, it is closer than it appears.",2025-08-04,2026-08-26T07:47:46.906454,Pragya Sharma; Hang Qiu; Mani Srivastava,Scientific Computing and Data Management,https://arxiv.org/abs/2605.00005,https://openalex.org/W4413823505,OpenAlex,2026-09-13T06:45:46.732317+00:00,2025년 1~8월,반도체·AI 하드웨어
2505.14620,2505.14620,Enhancing Learned Knowledge in LoRA Adapters Through Efficient Contrastive Decoding on Ascend NPUs,"Huawei Cloud users leverage LoRA (Low-Rank Adaptation) as an efficient and scalable method to fine-tune and customize large language models (LLMs) for application-specific needs. However, tasks that require complex reasoning or deep contextual understanding are often hindered by biases or interference from the base model when using typical decoding methods like greedy or beam search. These biases can lead to generic or task-agnostic responses from the base model instead of leveraging the LoRA-specific adaptations. In this paper, we introduce Contrastive LoRA Decoding (CoLD), a novel decoding framework designed to maximize the use of task-specific knowledge in LoRA-adapted models, resulting in better downstream performance. CoLD uses contrastive decoding by scoring candidate tokens based on the divergence between the probability distributions of a LoRA-adapted expert model and the corresponding base model. This approach prioritizes tokens that better align with the LoRA's learned representations, enhancing performance for specialized tasks. While effective, a naive implementation of CoLD is computationally expensive because each decoding step requires evaluating multiple token candidates across both models. To address this, we developed an optimized kernel for Huawei's Ascend NPU. CoLD achieves up to a 5.54% increase in task accuracy while reducing end-to-end latency by 28% compared to greedy decoding. This work provides practical and efficient decoding strategies for fine-tuned LLMs in resource-constrained environments and has broad implications for applied data science in both cloud and on-premises settings.",2025-08-03,2026-08-26T07:47:46.906454,Morgan Heisler; Linzi Xing; Ge Shi; Hanieh Sadri; Gursimran Singh; Weiwei Zhang; Tao Ye; Ying Xiong; Yong Zhang; Zhenan Fan,Domain Adaptation and Few-Shot Learning; Topic Modeling; Advanced Neural Network Applications,https://arxiv.org/abs/2505.14620,https://openalex.org/W4412876994,OpenAlex,2026-09-13T06:45:46.732317+00:00,2025년 1~8월,반도체·AI 하드웨어
2508.01800,2508.01800,MARVEL: An End-to-End Framework for Generating Model-Class Aware Custom RISC-V Extensions for Lightweight AI,"Deploying deep neural networks (DNNs) on resource-constrained IoT devices remains a challenging problem, often requiring hardware modifications tailored to individual AI models. Existing accelerator-generation tools, such as AMD's FINN, do not adequately address extreme resource limitations faced by IoT endpoints operating in bare-metal environments without an operating system (OS). To overcome these constraints, we propose MARVEL-an automated, end-to-end framework that generates custom RISC-V ISA extensions tailored to specific DNN model classes, with a primary focus on convolutional neural networks (CNNs). The proposed method profiles high-level DNN representations in Python and generates an ISA-extended RISC-V core with associated compiler tools for efficient deployment. The flow leverages (1) Apache TVM for translating high-level Python-based DNN models into optimized C code, (2) Synopsys ASIP Designer for identifying compute-intensive kernels, modeling, and generating a custom RISC-V and (3) Xilinx Vivado for FPGA implementation. Beyond a model class specific RISC-V, our approach produces an optimized bare-metal C implementation, eliminating the need for an OS or extensive software dependencies. Unlike conventional deployment pipelines relying on TensorFlow/PyTorch runtimes, our solution enables seamless execution in highly resource-constrained environments. We evaluated the flow on popular DNN models such as LeNet-5*, MobileNetV1, ResNet50, VGG16, MobileNetV2 and DenseNet121 using the Synopsys trv32p3 RISC-V core as a baseline. Results show a 2x speedup in inference and upto 2x reduction in energy per inference at a 28.23% area overhead when implemented on an AMD Zynq UltraScale+ ZCU104 FPGA platform.",2025-08-03,2026-08-29T07:29:34.045763,"Ajay Kumar M; O'Mahoney, Cian; Pedro Kreutz Werle; Shanker Shreejith; Dimitrios S. Nikolopoulos; Bo Ji; Hans Vandierendonck; Deepu John",Advanced Neural Network Applications; Adversarial Robustness in Machine Learning; IoT and Edge/Fog Computing,https://arxiv.org/abs/2508.01800,https://openalex.org/W4417101208,OpenAlex,2026-09-13T06:45:46.732317+00:00,2025년 1~8월,반도체·AI 하드웨어
2508.06526,2508.06526,PiKV: KV Cache Management System for Mixture of Experts,"As large-scale language models continue to scale up in both size and context length, the memory and communication cost of key-value (KV) cache storage has become a major bottleneck in multi-GPU and multi-node inference. While MoE-based architectures sparsify computation across experts, the corresponding KV caches remain dense and globally synchronized, resulting in significant overhead. We introduce \textbf{PiKV}, a parallel and distributed KV cache serving framework tailored for MoE architecture. PiKV leverages \textit{expert-sharded KV storage} to partition caches across GPUs, \textit{PiKV routing} to reduce token-to-KV access, and a \textit{PiKV Scheduling} to adaptively retain query-relevant entries. To further reduce memory usage, PiKV integrates \textit{PiKV Compression} modules the caching pipeline for acceleration. PiKV is recently publicly available as an open-source software library: \href{https://github.com/NoakLiu/PiKV}{https://github.com/NoakLiu/PiKV}. PiKV is still a living project, aiming to become a comprehesive KV Cache management system for MoE Architectures.",2025-08-02,2026-08-26T07:47:46.906454,Dong Liu; Yanxuan Yu; Ben Lengerich; Ying Wu,Parallel Computing and Optimization Techniques; Cloud Computing and Resource Management; Caching and Content Delivery,https://arxiv.org/abs/2508.06526,https://openalex.org/W4416176015,OpenAlex,2026-09-13T06:45:46.732317+00:00,2025년 1~8월,반도체·AI 하드웨어
2508.06524,2508.06524,CarbonScaling: Extending Neural Scaling Laws for Carbon Footprint in Large Language Models,"Large language models (LLMs) increasingly follow neural scaling laws that tie performance gains to rapidly expanding computational budgets, raising concerns about the sustainability of frontier-scale training. Existing carbon-estimation methods largely depend on regression over historical runs and fail to capture critical system-level factors, including hardware heterogeneity, distributed parallelism, communication overhead, and architectural sparsity. We present \textit{CarbonScaling}, a hardware-aware analytical framework for modeling the carbon scaling behavior of frontier LLM training. The framework integrates neural scaling laws, distributed training strategies, accelerator and interconnect modeling, and operational and embodied carbon accounting to estimate feasible hardware configurations and associated emissions. CarbonScaling jointly models tensor, pipeline, data, and expert parallelism while incorporating memory, bandwidth, utilization, and runtime constraints. Experimental validation demonstrates substantially higher fidelity than regression-based baselines and highlights the growing importance of embodied carbon at trillion-parameter scales. Source code: \url{https://github.com/UnchartedRLab/CarbonScaling}.",2025-08-02,2026-08-26T07:47:46.906454,Lei Jiang; Fan Chen,Machine Learning in Materials Science; Big Data and Digital Economy; Topic Modeling,https://arxiv.org/abs/2508.06524,https://openalex.org/W4416176040,OpenAlex,2026-09-13T06:45:46.732317+00:00,2025년 1~8월,반도체·AI 하드웨어
2507.23315,2507.23315,Analysis of Hyperparameter Optimization Effects on Lightweight Deep Models for Real-Time Image Classification,"Lightweight convolutional and transformer-based networks are increasingly preferred for real-time image classification, especially on resource-constrained devices. This study evaluates the impact of hyperparameter optimization on the accuracy and deployment feasibility of seven modern lightweight architectures: ConvNeXt-T, EfficientNetV2-S, MobileNetV3-L, MobileViT v2 (S/XS), RepVGG-A2, and TinyViT-21M, trained on a class-balanced subset of 90,000 images from ImageNet-1K. Under standardized training settings, this paper investigates the influence of learning rate schedules, augmentation, optimizers, and initialization on model performance. Inference benchmarks are performed using an NVIDIA L40s GPU with batch sizes ranging from 1 to 512, capturing latency and throughput in real-time conditions. This work demonstrates that controlled hyperparameter variation significantly alters convergence dynamics in lightweight CNN and transformer backbones, providing insight into stability regions and deployment feasibility in edge artificial intelligence. Our results reveal that tuning alone leads to a top-1 accuracy improvement of 1.5 to 3.5 percent over baselines, and select models (e.g., RepVGG-A2, MobileNetV3-L) deliver latency under 5 milliseconds and over 9,800 frames per second, making them ideal for edge deployment. This work provides reproducible, subset-based insights into lightweight hyperparameter tuning and its role in balancing speed and accuracy. The code and logs may be seen at: https://vineetkumarrakesh.github.io/lcnn-opt",2025-07-31,2026-08-26T07:47:46.906454,"Vineet Kumar Rakesh; Soumya Mazumdar; Tapas Samanta; Pandey, Hemendra Kumar; A. Das",Machine Learning and Data Classification,https://arxiv.org/abs/2507.23315,https://openalex.org/W4414920260,OpenAlex,2026-09-13T06:45:46.732317+00:00,2025년 1~8월,반도체·AI 하드웨어
2507.23387,2507.23387,SGEMM-cube: Precision-Recovery FP32 GEMM Approximation on Ascend NPUs with FP16 Matrix Engines,"Modern AI accelerators provide high-throughput low-precision matrix engines, but often lack efficient support for FP32 GEMM. This paper presents SGEMM-cube, an FP32-accuracy GEMM approximation for Ascend NPUs built on FP16 Cube units. Following the fixed-length two-word splitting of Ootomo and Yokota, each FP32 operand is represented by an FP16 high component and a scaled FP16 residual. The product is reconstructed from three FP16 GEMMs while omitting the residual-residual term; the method therefore targets FP32-level accuracy rather than bit-exact emulation. Under an RN FP32-accumulation model, we provide a componentwise error analysis showing that the omitted term is no larger than the rounding error of a short FP32 inner product and that, for practically relevant inner-product lengths, the overall error is dominated by ordinary FP32 accumulation. We further analyze residual underflow and scaling under round-to-nearest conversion, compare two accumulation orders, and adapt L1-aware blocking and double buffering to Ascend's software-managed memory hierarchy. On Ascend 910A, SGEMM-cube is substantially more accurate than native FP16 GEMM, is comparable to the tested OpenBLAS FP32 SGEMM baseline for the evaluated input distributions and exponent range, and reaches 65.3\,TFLOP/s, or 77\% of the three-GEMM FP32-equivalent peak.",2025-07-31,2026-08-26T07:47:46.906454,"Weicheng Xue; B. D. Xu; Kai Yang; Yongxiang Liu; Fan, Dengdeng; Pengxiang Xu; Yonghong Tian",Numerical Methods and Algorithms; Parallel Computing and Optimization Techniques; Matrix Theory and Algorithms,https://arxiv.org/abs/2507.23387,https://openalex.org/W4416058422,OpenAlex,2026-09-13T06:45:46.732317+00:00,2025년 1~8월,반도체·AI 하드웨어
2507.23437,2507.23437,Coflex: Enhancing HW-NAS with Sparse Gaussian Processes for Efficient and Scalable DNN Accelerator Design,"Hardware-Aware Neural Architecture Search (HW-NAS) is an efficient approach to automatically co-optimizing neural network performance and hardware energy efficiency, making it particularly useful for the development of Deep Neural Network accelerators on the edge. However, the extensive search space and high computational cost pose significant challenges to its practical adoption. To address these limitations, we propose Coflex, a novel HW-NAS framework that integrates the Sparse Gaussian Process (SGP) with multi-objective Bayesian optimization. By leveraging sparse inducing points, Coflex reduces the GP kernel complexity from cubic to near-linear with respect to the number of training samples, without compromising optimization performance. This enables scalable approximation of large-scale search space, substantially decreasing computational overhead while preserving high predictive accuracy. We evaluate the efficacy of Coflex across various benchmarks, focusing on accelerator-specific architecture. Our experimental results show that Coflex outperforms state-of-the-art methods in terms of network accuracy and Energy-Delay-Product, while achieving a computational speed-up ranging from 1.9x to 9.5x.",2025-07-31,2026-08-26T07:47:46.906454,Yiming Ma; Tomomasa Yamasaki; Zhehui Wang; Tao Luo; Bo Wang,Advanced Neural Network Applications; Adversarial Robustness in Machine Learning; Gaussian Processes and Bayesian Inference,https://arxiv.org/abs/2507.23437,https://openalex.org/W4416547859,OpenAlex,2026-09-13T06:45:46.732317+00:00,2025년 1~8월,반도체·AI 하드웨어
2505.22168,2505.22168,Apax: A Flexible and Performant Framework for the Development of Machine-Learned Interatomic Potentials,"We introduce Atomistic learned potentials in JAX ( apax ), a flexible and efficient open source software package for training and inference of machine-learned interatomic potentials. Built on the JAX framework, apax supports GPU acceleration and implements flexible model abstractions for fast development. With features such as kernel-based data selection, well-calibrated uncertainty estimation, and enhanced sampling, it is tailored to active learning applications and ease of use. The features and design decisions made in apax are discussed before demonstrating some of its capabilities. First, a data set for the room-temperature ionic liquid EMIM + BF 4 – is created using active learning. It is highlighted how continuously learning models between iterations can reduce training times up to 85% with only a minor reduction of the models’ accuracy. Second, we show good scalability in a data-parallel training setting. We report that a Gaussian Moment Neural Network model, as implemented in apax, achieves higher accuracy and up to 10 times faster inference times than a performance-optimized Allegro model. A recently published Li 3 PO 4 data set, reported with comparable accuracy and inference performance metrics, is used as a point of comparison. Moreover, the inference speeds of the available simulation engines are compared. Finally, to highlight the modularity of apax, an equivariant message-passing model is trained as a shallow ensemble and used to perform uncertainty-driven dynamics.",2025-07-30,2026-08-26T07:47:46.906454,Moritz R. Schäfer; Nico Segreto; Fabian Zills; Christian Holm; Johannes Kästner,Machine Learning in Materials Science; Computational Drug Discovery Methods; Electrochemical Analysis and Applications,https://arxiv.org/abs/2505.22168,https://openalex.org/W4412761365,OpenAlex,2026-09-13T06:45:46.732317+00:00,2025년 1~8월,반도체·AI 하드웨어
2503.13492,2503.13492,Event-Driven Implementation of a Physical Reservoir Computing Framework for Superficial EMG-Based Gesture Recognition,"Wearable health devices have a strong demand in real-time biomedical signal processing. However traditional methods often require data transmission to centralized processing unit with substantial computational resources after collecting it from edge devices. Neuromorphic computing is an emerging field that seeks to design specialized hardware for computing systems inspired by the structure, function, and dynamics of the human brain, offering significant advantages in latency and power consumption. This paper explores a novel neuromorphic implementation approach for gesture recognition by extracting spatiotemporal spiking information from surface electromyography (sEMG) data in an event-driven manner. At the same time, the network was designed by implementing a simple-structured and hardware-friendly Physical Reservoir Computing (PRC) framework called Rotating Neuron Reservoir (RNR) within the domain of Spiking neural network (SNN). The spiking RNR (sRNR) is promising to pipeline an innovative solution to compact embedded wearable systems, enabling low-latency, real-time processing directly at the sensor level. The proposed system was validated by an open-access large-scale sEMG database and achieved an average classification accuracy of 74.6% and 80.3% using a classical machine learning classifier and a delta learning rule algorithm respectively. While the delta learning rule could be fully spiking and implementable on neuromorphic chips, the proposed gesture recognition system demonstrates the potential for near-sensor low-latency processing.",2025-07-28,2026-09-10T07:47:47.112893,Yuqi Ding; Elisa Donati; Haobo Li; Hadi Heidari,Neural Networks and Reservoir Computing; Advanced Memory and Neural Computing; Neural Networks and Applications,https://arxiv.org/abs/2503.13492,https://openalex.org/W4413267692,OpenAlex,2026-09-13T06:45:46.732317+00:00,2025년 1~8월,반도체·AI 하드웨어
2507.18553,2507.18553,The Geometry of LLM Quantization: GPTQ as Babai's Nearest Plane Algorithm,"Quantizing the weights of large language models (LLMs) from 16-bit to lower bitwidth is the de facto approach to deploy massive transformers onto more affordable accelerators. While GPTQ emerged as one of the standard methods for one-shot post-training quantization at LLM scale, its inner workings are described as a sequence of algebraic updates that obscure geometric meaning or worst-case guarantees. In this work, we show that, when executed back-to-front (from the last to first dimension) for a linear layer, GPTQ is mathematically identical to Babai's nearest plane algorithm for the classical closest vector problem (CVP) on a lattice defined by the Hessian matrix of the layer's inputs. This equivalence is based on a sophisticated mathematical argument, and has two analytical consequences: first, the GPTQ error propagation step gains an intuitive geometric interpretation; second, GPTQ inherits the error upper bound of Babai's algorithm under the assumption that no weights are clipped. Leveraging this bound, we design post-training quantization methods that avoid clipping, and outperform the original GPTQ. In addition, we provide efficient GPU inference kernels for the resulting representation. Taken together, these results place GPTQ on a firm theoretical footing and open the door to importing decades of progress in lattice algorithms towards the design of future quantization algorithms for billion-parameter models. Source code is available at https://github.com/IST-DASLab/GPTQ-Babai.",2025-07-24,2026-08-29T07:29:34.045763,Jiale Chen; Yalda Shabanzadeh; Elvir Crnčević; Torsten Hoefler; Dan Alistarh,Advanced Data Compression Techniques; Image and Object Detection Techniques; Advanced Vision and Imaging,https://arxiv.org/abs/2507.18553,https://openalex.org/W4415234813,OpenAlex,2026-09-13T06:45:46.732317+00:00,2025년 1~8월,반도체·AI 하드웨어
2506.02219,2506.02219,Stochastic Barnes-Hut Approximation for Fast Summation on the GPU,"We present a novel stochastic version of the Barnes-Hut approximation.Regarding the level-of-detail (LOD) family of approximations as control variates, we construct an unbiased estimator of the kernel sum being approximated.Through several examples in graphics applications such as winding number computation and smooth distance evaluation, we demonstrate that our method is well-suited for GPU computation, capable of outperforming a GPU-optimized implementation of the deterministic Barnes-Hut approximation by achieving equal median error in up to 9.4x less time.",2025-07-23,2026-08-26T07:47:46.906454,Abhishek Madan; Nicholas Sharp; FRANCIS H. WILLIAMS; Ken Museth; David I. W. Levin,Electromagnetic Scattering and Analysis; Computer Graphics and Visualization Techniques; Scientific Research and Discoveries,https://arxiv.org/abs/2506.02219,https://openalex.org/W4412587522,OpenAlex,2026-09-13T06:45:46.732317+00:00,2025년 1~8월,반도체·AI 하드웨어
2507.17193,2507.17193,Spintronic Bayesian Hardware Driven by Stochastic Magnetic Domain Wall Dynamics,"As artificial intelligence (AI) advances into diverse applications, ensuring reliability of AI models is increasingly critical. Conventional neural networks offer strong predictive capabilities but produce deterministic outputs without inherent uncertainty estimation, limiting their reliability in safety-critical domains. Probabilistic neural networks (PNNs), which introduce randomness, have emerged as a powerful approach for enabling intrinsic uncertainty quantification. However, traditional CMOS architectures are inherently designed for deterministic operation and actively suppress intrinsic randomness. This poses a fundamental challenge for implementing PNNs, as probabilistic processing introduces significant computational overhead. To address this challenge, we introduce a Magnetic Probabilistic Computing (MPC) platform-an energy-efficient, scalable hardware accelerator that leverages intrinsic magnetic stochasticity for uncertainty-aware computing. This physics-driven strategy utilizes spintronic systems based on magnetic domain walls (DWs) and their dynamics to establish a new paradigm of physical probabilistic computing for AI. The MPC platform integrates three key mechanisms: thermally induced DW stochasticity, voltage controlled magnetic anisotropy (VCMA), and tunneling magnetoresistance (TMR), enabling fully electrical and tunable probabilistic functionality at the device level. As a representative demonstration, we implement a Bayesian Neural Network (BNN) inference structure and validate its functionality on CIFAR-10 classification tasks. Compared to standard 28nm CMOS implementations, our approach achieves a seven orders of magnitude improvement in the overall figure of merit, with substantial gains in area efficiency, energy consumption, and speed. These results underscore the MPC platform's potential to enable reliable and trustworthy physical AI systems.",2025-07-23,2026-09-11T09:22:31.653822,Tianyi Wang; Bingqian Dai; Kin Foon Kevin Wong; Y. X. Li; Yang Cheng; Qingyuan Shu; Haoran He; Puyang Huang; Hanshen Huang; Kang L. Wang,Parallel Computing and Optimization Techniques,https://arxiv.org/abs/2507.17193,https://openalex.org/W4414878601,OpenAlex,2026-09-13T06:45:46.732317+00:00,2025년 1~8월,반도체·AI 하드웨어
2507.17886,2507.17886,"Neuromorphic Computing: A Theoretical Framework for Time, Space, and Energy Scaling","Neuromorphic computing (NMC) is increasingly viewed as a low-power alternative to conventional von Neumann architectures such as central processing units (CPUs) and graphics processing units (GPUs), however the computational value proposition has been difficult to define precisely. Here, we propose a computational framework for analyzing NMC algorithms and architectures. Using this framework, we demonstrate that NMC can be analyzed as general-purpose and programmable even though it differs considerably from a conventional stored-program architecture. We show that the time and space scaling of idealized NMC has comparable time and footprint tradeoffs that align with that of a theoretically infinite processor conventional system. In contrast, energy scaling for NMC is significantly different than conventional systems, as NMC energy costs are event-driven. Using this framework, we show that while energy in conventional systems is largely determined by the scheduled operations determined by the structural algorithm graph, the energy of neuromorphic systems scales with the activity of the algorithm, that is the activity trace of the algorithm graph. Without making strong assumptions on NMC or conventional costs, we demonstrate which neuromorphic algorithm formulations can exhibit asymptotically improved energy scaling when activity is sparse and decaying over time. We further use these results to identify which broad algorithm families are more or less suitable for NMC approaches.",2025-07-23,2026-08-26T07:47:46.906454,James B. Aimone,Advanced Memory and Neural Computing,https://arxiv.org/abs/2507.17886,https://openalex.org/W4415232091,OpenAlex,2026-09-13T06:45:46.732317+00:00,2025년 1~8월,반도체·AI 하드웨어
2507.16249,2507.16249,Multi-Agent Reinforcement Learning for Sample-Efficient Deep Neural Network Mapping,"Mapping deep neural networks (DNNs) to hardware is critical for optimizing latency, energy consumption, and resource utilization, making it a cornerstone of high-performance accelerator design. Due to the vast and complex mapping space, reinforcement learning (RL) has emerged as a promising approach-but its effectiveness is often limited by sample inefficiency. We present a decentralized multi-agent reinforcement learning (MARL) framework designed to overcome this challenge. By distributing the search across multiple agents, our framework accelerates exploration. To avoid inefficiencies from training multiple agents in parallel, we introduce an agent clustering algorithm that assigns similar mapping parameters to the same agents based on correlation analysis. This enables a decentralized, parallelized learning process that significantly improves sample efficiency. Experimental results show our MARL approach improves sample efficiency by 30-300x over standard single-agent RL, achieving up to 32.61x latency reduction and 16.45x energy-delay product (EDP) reduction under iso-sample conditions.",2025-07-22,2026-08-26T07:47:46.906454,Srivatsan Krishnan; Jason Jabbour; Dan Zhang; Natasha Jaques; Aleksandra Faust; Shayegan Omidshafiei; Vijay Janapa Reddi,Advanced Algorithms and Applications; Advanced Sensor and Control Systems; Data Stream Mining Techniques,https://arxiv.org/abs/2507.16249,https://openalex.org/W4414414938,OpenAlex,2026-09-13T06:45:46.732317+00:00,2025년 1~8월,반도체·AI 하드웨어
2507.15958,2507.15958,Quantization-Aware Neuromorphic Architecture for Skin Lesion Classification on Resource-Constrained Devices,"On-device skin lesion analysis is constrained by the compute and energy cost of conventional CNN inference and by the need for lightweight calibration under clinical data shift. Neuromorphic processors provide event-driven sparse computation, but practical deployment is often limited by CNN-to-SNN conversion failures, including unsupported operators, quantization distortion, and accuracy degradation under class imbalance. We propose QANA, a quantization-aware CNN backbone within an end-to-end pipeline for conversion-stable neuromorphic execution. QANA improves conversion robustness by bounding intermediate activations, aligning normalization with low-bit quantization, and replacing conversion-fragile components with spike-compatible transformations. Efficient representation is achieved through Ghost-based feature generation, spatially-aware efficient channel attention, and squeeze-and-excitation modules whose operations can be quantized, folded, or lowered into integer graph operations. The quantized projection head produces SNN-ready logits and supports lightweight readout calibration without full retraining or data offloading. On HAM10000, QANA achieves 91.6% Top-1 accuracy and 91.0% macro F1, improving the strongest converted SNN baseline by 3.5 points in accuracy and 12.1 points in macro F1. On a clinical dataset, QANA achieves 90.8% Top-1 accuracy and 81.7% macro F1, improving the strongest baseline by 3.2 points in accuracy and 3.6 points in macro F1. On BrainChip Akida, QANA runs in 1.5 ms with 1.7 mJ per image, outperforming the strongest size-matched Akida baseline by 4.1 points in accuracy, 10.0 points in macro F1, 21.1% in latency, and 22.7% in energy.",2025-07-21,2026-08-29T07:29:34.045763,Haitian Wang; Xia Cheng; Yiren Wang; Fiona Wei; Zichen Geng,CCD and CMOS Imaging Sensors; Neural dynamics and brain function; Optical Coherence Tomography Applications,https://arxiv.org/abs/2507.15958,https://openalex.org/W4414385029,OpenAlex,2026-09-13T06:45:46.732317+00:00,2025년 1~8월,반도체·AI 하드웨어
2507.15603,2507.15603,When Pipelined In-Memory Accelerators Meet Spiking Direct Feedback Alignment: A Co-Design for Neuromorphic Edge Computing,"Spiking Neural Networks (SNNs) are increasingly favored for deployment on resource-constrained edge devices due to their energy-efficient and event-driven processing capabilities. However, training SNNs remains challenging because of the computational intensity of traditional backpropagation algorithms adapted for spike-based systems. In this paper, we propose a novel software-hardware co-design that introduces a hardware-friendly training algorithm, Spiking Direct Feedback Alignment (SDFA) and implement it on a Resistive Random Access Memory (RRAM)-based In-Memory Computing (IMC) architecture, referred to as PipeSDFA, to accelerate SNN training. Software-wise, the computational complexity of SNN training is reduced by the SDFA through the elimination of sequential error propagation. Hardware-wise, a three-level pipelined dataflow is designed based on IMC architecture to parallelize the training process. Experimental results demonstrate that the PipeSDFA training accelerator incurs less than 2% accuracy loss on five datasets compared to baselines, while achieving 1.1X~10.5X and 1.37X~2.1X reductions in training time and energy consumption, respectively compared to PipeLayer.",2025-07-21,2026-08-26T07:47:46.906454,Haoxiong Ren; Yangu He; Kwunhang Wong; Rui Bao; Ning Lin; Zhongrui Wang; D. S. Shang,Advanced Memory and Neural Computing; Ferroelectric and Negative Capacitance Devices; Neural Networks and Reservoir Computing,https://arxiv.org/abs/2507.15603,https://openalex.org/W4416841390,OpenAlex,2026-09-13T06:45:46.732317+00:00,2025년 1~8월,반도체·AI 하드웨어
2507.15734,2507.15734,TONUS: Neuromorphic human pose estimation for artistic sound co-creation,"Human machine interaction is a huge source of inspiration in today's media art and digital design, as machines and humans merge together more and more. Its place in art reflects its growing applications in industry, such as robotics. However, those interactions often remains too technical and machine-driven for people to really engage into. On the artistic side, new technologies are often not explored in their full potential and lag a bit behind, so that state-of-the-art research does not make its way up to museums and exhibitions. Machines should support people's imagination and poetry in a seamless interface to their body or soul. We propose an artistic sound installation featuring neuromorphic body sensing to support a direct yet non intrusive interaction with the visitor with the purpose of creating sound scapes together with the machine. We design a neuromorphic multihead human pose estimation neural sensor that shapes sound scapes and visual output with fine body movement control. In particular, the feature extractor is a spiking neural network tailored for a dedicated neuromorphic chip. The visitor, immersed in a sound atmosphere and a neurally processed representation of themselves that they control, experience the dialogue with a machine that thinks neurally, similarly to them.",2025-07-21,2026-08-26T07:47:46.906454,Jules Lecomte; Konrad Zinner; Michael Neumeier; Axel von Arnim,Music Technology and Sound Studies; Tactile and Sensory Interactions; Interactive and Immersive Displays,https://arxiv.org/abs/2507.15734,https://openalex.org/W4417438326,OpenAlex,2026-09-13T06:45:46.732317+00:00,2025년 1~8월,반도체·AI 하드웨어
2507.17771,2507.17771,Flexible Vector Integration in Embedded RISC-V SoCs for End to End CNN Inference Acceleration,"The emergence of heterogeneity and domain-specific architectures targeting deep learning inference show great potential for enabling the deployment of modern CNNs on resource-constrained embedded platforms. A significant development is the diversification of custom hardware solely targeting the most expensive parts of CNNs. DLAs (deep learning accelerators) and NPUs (neural processing units), among others, can overcome the approaching limits of traditional silicon scaling and provide a solution to the power/performance tradeoff within embedded SoCs. Efficient DSA utilization requires proper system integration and a compilation/execution model for balanced execution in these heterogeneous architectures. There is a critical need for proper system integration and an efficient compilation/execution model for balanced execution in these heterogeneous architectures. This work highlights the hardware integration challenges for efficiently placing these units within the memory hierarchy and correct proximity to other execution blocks. We experimentally verify performance bottlenecks in CNN execution and pre/post-processing at runtime, where previous attention has generally been given to accelerator speedup alone. This work takes advantage of the ratification of the RISC-V Vector 1.0 extension and demonstrates its potential as a flexible target within a well-suited cache hierarchy scheme to reduce pre-processing bottlenecks and CPU fallback processes. Our results show up to a 9x speedup of image pre-processing and YOLOv3 fallback layer execution by up to 3x compared to CPU. We demonstrate RVV-1.0 in exposing a flexible programming model that can enable a balanced computation and memory footprint on accelerator-rich embedded SoCs supporting modern deep-learning dataflows while consuming less power than traditional parallel execution platforms.",2025-07-19,2026-08-26T07:47:46.906454,Dmitri Lyalikov,CCD and CMOS Imaging Sensors; Integrated Circuits and Semiconductor Failure Analysis; Image Processing Techniques and Applications,https://arxiv.org/abs/2507.17771,https://openalex.org/W4415203407,OpenAlex,2026-09-13T06:45:46.732317+00:00,2025년 1~8월,반도체·AI 하드웨어
2507.00428,2507.00428,Real-Time In-Network Machine Learning on P4-Programmable FPGA SmartNICs with Fixed-Point Arithmetic and Taylor Approximations,"As machine learning (ML) applications become integral to modern network operations, there is an increasing demand for network programmability that enables low-latency ML inference for tasks such as Quality of Service (QoS) prediction and anomaly detection in cybersecurity. ML models provide adaptability through dynamic weight adjustments, making Programming Protocol-independent Packet Processors (P4)-programmable FPGA SmartNICs an ideal platform for investigating In-Network Machine Learning (INML). These devices offer high-throughput, low-latency packet processing and can be dynamically reconfigured via the control plane, allowing for flexible integration of ML models directly at the network edge. This paper explores the application of the P4 programming paradigm to neural networks and regression models, where weights and biases are stored in control plane table lookups. This approach enables flexible programmability and efficient deployment of retrainable ML models at the network edge, independent of core infrastructure at the switch level.",2025-07-18,2026-08-26T07:47:46.906454,Mohammad Firas Sada; J. A. Graham; Mahidhar Tatineni; Dmitry Mishin; Thomas A. DeFanti; F. Würthwein,Software-Defined Networks and 5G; Advanced Memory and Neural Computing; Radiation Effects in Electronics,https://arxiv.org/abs/2507.00428,https://openalex.org/W4413059441,OpenAlex,2026-09-13T06:45:46.732317+00:00,2025년 1~8월,반도체·AI 하드웨어
2505.22547,2505.22547,First measurement of neutron capture multiplicity in neutrino-oxygen neutral-current quasielasticlike interactions using an accelerator neutrino beam,"We report the first measurement of neutron capture multiplicity in neutrino-oxygen neutral-current quasielasticlike interactions at the gadolinium-loaded Super-Kamiokande detector using the T2K neutrino beam, which has a peak energy of about 0.6 GeV. A total of 30 neutral-current quasielasticlike event candidates were selected from T2K data corresponding to an exposure of 1.76 × 10 20 protons on target. The γ ray signals resulting from neutron captures were identified using a neural network. The flux-averaged mean neutron capture multiplicity was measured to be 1.37 ± 0.33 ( stat . ) − 0.27 + 0.17 ( syst . ) , which is compatible within 2.3 sigma than predictions obtained using our nominal simulation. We discuss potential sources of systematic uncertainty in the prediction and demonstrate that a significant portion of this discrepancy arises from the modeling of hadron-nucleus interactions in the detector medium.",2025-07-18,2026-09-11T09:22:31.653822,K. Abe; S. Abe; R. Akutsu; H. Alarakia-Charles; Y. I. Alj Hakim; S. Alonso Monsalve; L. Anthony; S. Aoki; K. A. Apte; T. Arai; T. Arihara; S. Arimoto; Y. Ashida; E. T. Atkin; N. Kishore Babu; V. A. Baranov; Gary Barker; G. Barr; D. Barrow; Paul Bates; L. Bathe-Peters; M. Batkiewicz; N. Baudis; V. Berardi; L. Berns; S. Bhattacharjee; Adrien Blanchet; A. Blondel; P. M. M. Boistier; S. Bolognesi; S. Bordoni; S.B Boyd; C. Bronner; A. Bubak; M. Buizza Avanzini; J. A. Caballero; F. Cadoux; N. F. Calabria; S. Cao; S. Cap; D Carabadjac; S. L. Cartwright; M. P. Casado; M. G. Catanesi; J. Chakrani; Anne Chalumeau; D. Cherdack; A. Chvirova; J. P. Coleman; G Collazuol; F Cormier; A. A. L. Craplet; Andrew Cudd; D. D’Ago; C. Dalmazzone; T. Daret; Prokar Dasgupta; C. Davis; Yu. I. Davydov; P. de Perio; G. De Rosa; T. Dealtry; C. Densham; A. Dergacheva; Rajat Banerjee; F. Di Lodovico; G. Lopez; S. Dolan; D. Douqa; T. A. Doyle; O. Drapier; K. Duffy; J. Dumarchez; P. Dunne; K. Dygnarowicz; A. Eguchi; J. E. Elias; S. Emery-Schrenk; G. Erofeev; A. Ershova; G. Eurin; D. Fedorova; S. Fedotov; M. Feltre; Lei Feng; D. Ferlewicz; A. J. Finch; M. D. Fitton; C. Forza; M. Friend; Y. Fujii; Y. Fukuda; Y. Furui; J. García-Marcos; A. C. Germer; L. Giannessi; C. Giganti; M Girgus; V. Glagolev; M. Gonin,Neutrino Physics Research; Particle physics theoretical and experimental studies; Astrophysics and Cosmic Phenomena,https://arxiv.org/abs/2505.22547,https://openalex.org/W4413061319,OpenAlex,2026-09-13T06:45:46.732317+00:00,2025년 1~8월,반도체·AI 하드웨어
2507.13970,2507.13970,A Segmented Robot Grasping Perception Neural Network for Edge AI,"Robotic grasping, the ability of robots to reliably secure and manipulate objects of varying shapes, sizes and orientations, is a complex task that requires precise perception and control. Deep neural networks have shown remarkable success in grasp synthesis by learning rich and abstract representations of objects. When deployed at the edge, these models can enable low-latency, low-power inference, making real-time grasping feasible in resource-constrained environments. This work implements Heatmap-Guided Grasp Detection, an end-to-end framework for the detection of 6-Dof grasp poses, on the GAP9 RISC-V System-on-Chip. The model is optimised using hardware-aware techniques, including input dimensionality reduction, model partitioning, and quantisation. Experimental evaluation on the GraspNet-1Billion benchmark validates the feasibility of fully on-chip inference, highlighting the potential of low-power MCUs for real-time, autonomous manipulation.",2025-07-18,2026-09-11T09:22:31.653822,"Casper Bröcheler; Thomas Vroom; Timmermans, Derrick; Alan van den Akker; Guangzhi Tang; C. Kouzinopoulos; Rico Möckel",Robot Manipulation and Learning; Advanced Sensor and Energy Harvesting Materials; Advanced Neural Network Applications,https://arxiv.org/abs/2507.13970,https://openalex.org/W4416834829,OpenAlex,2026-09-13T06:45:46.732317+00:00,2025년 1~8월,반도체·AI 하드웨어
2507.14035,2507.14035,Toward Practical Fluid Antenna Systems: Co-Optimizing Hardware and Software for Port Selection and Beamforming,"This paper proposes a hardware-software co-design approach to efficiently optimize beamforming and port selection in fluid antenna systems (FASs). To begin with, a fluid-antenna (FA)-enabled downlink multi-cell multiple-input multiple-output (MIMO) network is modeled, and a weighted sum-rate (WSR) maximization problem is formulated. Second, a method that integrates graph neural networks (GNNs) with random port selection (RPS) is proposed to jointly optimize beamforming and port selection, while also assessing the benefits and limitations of random selection. Third, an instruction-driven deep learning accelerator based on a field-programmable gate array (FPGA) is developed to minimize inference latency. To further enhance efficiency, a scheduling algorithm is introduced to reduce redundant computations and minimize the idle time of computing cores. Simulation results demonstrate that the proposed GNN-RPS approach achieves competitive communication performance. Furthermore, experimental evaluations indicate that the FPGA-based accelerator maintains low latency while simultaneously executing beamforming inference for multiple port selections.",2025-07-18,2026-08-26T07:47:46.906454,Sai Xu; Kai‐Kit Wong; Yanan Du; Hanjiang Hong; Chan‐Byoung Chae; Baiyang Liu; Kin‐Fai Tong,Advanced MIMO Systems Optimization; Millimeter-Wave Propagation and Modeling; Antenna Design and Analysis,https://arxiv.org/abs/2507.14035,https://openalex.org/W4416834966,OpenAlex,2026-09-13T06:45:46.732317+00:00,2025년 1~8월,반도체·AI 하드웨어
2507.12935,2507.12935,MC$^2$A: Enabling Algorithm-Hardware Co-Design for Efficient Markov Chain Monte Carlo Acceleration,"An increasing number of applications are exploiting sampling-based algorithms for planning, optimization, and inference. The Markov Chain Monte Carlo (MCMC) algorithms form the computational backbone of this emerging branch of machine learning. Unfortunately, the high computational cost limits their feasibility for large-scale problems and real-world applications, and the existing MCMC acceleration solutions are either limited in hardware flexibility or fail to maintain efficiency at the system level across a variety of end-to-end applications. This paper introduces \textbf{MC$^2$A}, an algorithm-hardware co-design framework, enabling efficient and flexible optimization for MCMC acceleration. Firstly, \textbf{MC$^2$A} analyzes the MCMC workload diversity through an extension of the processor performance roofline model with a 3rd dimension to derive the optimal balance between the compute, sampling and memory parameters. Secondly, \textbf{MC$^2$A} proposes a parametrized hardware accelerator architecture with flexible and efficient support of MCMC kernels with a pipeline of ISA-programmable tree-structured processing units, reconfigurable samplers and a crossbar interconnect to support irregular access. Thirdly, the core of \textbf{MC$^2$A} is powered by a novel Gumbel sampler that eliminates exponential and normalization operations. In the end-to-end case study, \textbf{MC$^2$A} achieves an overall {$307.6\times$, $1.4\times$, $2.0\times$, $84.2\times$} speedup compared to the CPU, GPU, TPU and state-of-the-art MCMC accelerator. Evaluated on various representative MCMC workloads, this work demonstrates and exploits the feasibility of general hardware acceleration to popularize MCMC-based solutions in diverse application domains.",2025-07-17,2026-09-11T09:22:31.653822,Shirui Zhao; J. Yin; Lingyun Yao; Martin Andraud; Wannes Meert; Marian Verhelst,Parallel Computing and Optimization Techniques,https://arxiv.org/abs/2507.12935,https://openalex.org/W4415309932,OpenAlex,2026-09-13T06:45:46.732317+00:00,2025년 1~8월,반도체·AI 하드웨어
2407.16032,2407.16032,WaterLily.jl: A differentiable and backend-agnostic Julia solver for incompressible viscous flow around dynamic bodies,"Integrating computational fluid dynamics (CFD) solvers into optimization and machine-learning frameworks is hampered by the rigidity of classic computational languages and the slow performance of more flexible high-level languages. In this work, we introduce WaterLily.jl: an open-source incompressible viscous flow solver written in the Julia language. An immersed boundary method is used to enforce the effect of solid boundaries on flow past complex geometries with arbitrary motions. The small code base is multidimensional, multiplatform and backend-agnostic, i.e. it supports serial and multithreaded CPU execution, and GPUs of different vendors. Additionally, the pure-Julia implementation allows the solver to be fully differentiable using automatic differentiation. The computational cost per time step and grid point remains constant with increasing grid size on CPU backends, and we measure up to two orders of magnitude speed-up on a supercomputer GPU compared to serial CPU execution. This leads to comparable performance with low-level CFD solvers written in C and Fortran on research-scale problems, opening up exciting possible future applications on the cutting edge of machine-learning research.",2025-07-15,2026-08-26T07:47:46.906454,Gabriel D. Weymouth; Bernat Font,Lattice Boltzmann Simulation Studies; Computational Fluid Dynamics and Aerodynamics; Fluid Dynamics Simulations and Interactions,https://arxiv.org/abs/2407.16032,https://openalex.org/W4412433891,OpenAlex,2026-09-13T06:45:46.732317+00:00,2025년 1~8월,반도체·AI 하드웨어
2507.10939,2507.10939,A Hybrid Quantum-Classical Framework for Utility-Scale Edge Detection of Real-World Medical and Geospatial Data,"We present a hybrid quantum-classical framework designed to achieve utility-scale performance for Quantum Hadamard Edge Detection (QHED) on Noisy Intermediate-Scale Quantum (NISQ) devices. The framework utilizes a Two-Level Decomposition strategy: (1) Problem-Level Decomposition (PLD), which partitions high-resolution real-world data into buffered sub-images, and (2) Circuit-Level Decomposition (CLD), which employs circuit-cutting to reduce complexity for near-term hardware. This approach, combined with a depth-efficient QHED^M decrement gate, achieves a 62% reduction in circuit depth and 93% fewer two-qubit operations. We demonstrate the framework's domain-agnostic utility by processing real-world data from Medical Image Computing (MIC) and Geospatial Information Systems (GIS). Crucially, we investigate the resilience crossover point by comparing a [[3,1,1]] bit-flip repetition code against passive Quantum Error Mitigation (QEM). Our results indicate that for current coherence times, passive mitigation offers a superior utility advantage by bypassing the gate-overhead penalties inherent in active encoding, recovering nearly 99% of the ideal signal.",2025-07-15,2026-08-29T07:29:34.045763,Emmanuel Billias; David Calano; Nikos Chrisochoides,Advanced X-ray and CT Imaging; Retinal Imaging and Analysis; Brain Tumor Detection and Classification,https://arxiv.org/abs/2507.10939,https://openalex.org/W4414944258,OpenAlex,2026-09-13T06:45:46.732317+00:00,2025년 1~8월,반도체·AI 하드웨어
2507.11506,2507.11506,ELK: Exploring the Efficiency of Inter-core Connected AI Chips with Deep Learning Compiler Techniques,"To meet the increasing demand of deep learning (DL) models, AI chips are employing both off-chip memory (e.g., HBM) and high-bandwidth low-latency interconnect for direct inter-core data exchange. However, it is not easy to explore the efficiency of these inter-core connected AI (ICCA) chips, due to a fundamental tussle among compute (per-core execution), communication (inter-core data exchange), and I/O (off-chip data access). In this paper, we develop Elk, a DL compiler framework to maximize the efficiency of ICCA chips by jointly trading off all the three performance factors discussed above. Elk structures these performance factors into configurable parameters and forms a global trade-off space in the DL compiler. To systematically explore this space and maximize overall efficiency, Elk employs a new inductive operator scheduling policy and a cost-aware on-chip memory allocation algorithm. It generates globally optimized execution plans that best overlap off-chip data loading and on-chip execution. To examine the efficiency of Elk, we build a full-fledged emulator based on a real ICCA chip IPU-POD4, and an ICCA chip simulator for sensitivity analysis with different interconnect network topologies. Elk achieves 94% of the ideal roofline performance of ICCA chips on average, showing the benefits of supporting large DL models on ICCA chips. We also show Elk's capability of enabling architecture design space exploration for new ICCA chip development.",2025-07-15,2026-08-26T07:47:46.906454,Yiqi Liu; Yuqi Xue; Noelle Crawford; Jilong Xue; Jian Huang,Parallel Computing and Optimization Techniques; Embedded Systems Design Techniques; Advanced Memory and Neural Computing,https://arxiv.org/abs/2507.11506,https://openalex.org/W4414946629,OpenAlex,2026-09-13T06:45:46.732317+00:00,2025년 1~8월,반도체·AI 하드웨어
2605.13224,2605.13224,On-Chip 1 TOPS Hyperdimensional Photonic Tensor Core Using a WDM Silicon Photonic Coherent Crossbar,"We demonstrate an on-chip 0.96 TOPS hyperdimensional photonic tensor core by utilizing a time-space-wavelength multiplexed silicon photonic Crossbar (Xbar). The novel architecture relies on serializing the large matrix-vector or tensor-vector products by unfolding multiply and accumulation operations over the time domain, while simultaneously distributing the computational workload over different spatial and wavelength channels. We experimentally demonstrate the operation of a 4-channel 2-input time-space-wavelength division multiplexing (TSWDM) Xbar that incorporates 56 GHz electro-absorption modulators (EAMs) and 4-channel integrated multiplexing stages. Its successful operation as a 4×2×1 tensor-vector multiplication unit demonstrated an average relative error of 3.9%. Its performance as a photonic AI accelerator was also evaluated in the classification task of the Iris dataset, presenting experimental accuracies of 93.3% at data rates between 4×10 and 4×30 GBd, reaching 83.3% when the data rate increases to 4×60 GBd. Finally, we discuss the TSWDM Xbar scalability potential, revealing that the inclusion of a wavelength division multiplexing (WDM) scheme in the space division multiplexing (SDM) architecture reduces the operating laser power, feasibly boosting the potential of constructing photonic accelerators with computational throughput in the POPS regime.",2025-07-14,2026-09-02T07:38:04.252551,Stefanos Kovaios; Ioannis Roumpos; Apostolos Tsakyridis; Miltiadis Moralis‐Pegios; David Lazovsky; Konstantinos Vyrsokinos; Nikos Pleros,Optical Network Technologies; Photonic and Optical Devices; Neural Networks and Reservoir Computing,https://arxiv.org/abs/2605.13224,https://openalex.org/W4412404046,OpenAlex,2026-09-13T06:45:46.732317+00:00,2025년 1~8월,반도체·AI 하드웨어
2608.30932,2608.30932,Beacon: LLM Multi-Agent Driven Hardware Design Space Exploration for Heterogeneous Multi-Chiplet Deep Learning Accelerators,"Heterogeneous multi-chiplet accelerators allow chiplets to be configured independently to better match different operator characteristics and improve inference efficiency. However, heterogeneity makes simulator evaluation expensive, limiting the number of iterations affordable for hardware design space exploration (HW-DSE). Mainstream data-driven methods rely mainly on final metrics and a few predefined states, and require many search iterations to implicitly learn the relationships between input parameters and optimization objectives, making them less effective in this setting. In practice, evaluators also generate detailed reports on execution timelines, resource utilization, memory accesses, and communication behavior. Large language models (LLMs) can combine domain knowledge with these reports to explicitly identify bottleneck locations, degradation causes, and parameter adjustment directions, thereby improving each design decision under limited iteration budgets. Based on this observation, we propose Beacon, a report-driven LLM multi-agent framework for heterogeneous multi-chiplet HW-DSE. Beacon employs hierarchical agents for bottleneck localization, root-cause diagnosis, and hardware candidate generation, together with an Analysis Toolbox and RAG memory for closed-loop search. Under the same limited iteration budget, Beacon reduces the composite latency-energy-monetary-cost objective by 25.1\%--93.5\% compared with random search, Bayesian optimization, and reinforcement learning.",2026-08-31,2026-09-03T10:48:47.769340,Boyu Li; Zongwei Zhu; Qianyue Cao; Xi Li; Xuehai Zhou,Embedded Systems Design Techniques; Parallel Computing and Optimization Techniques; Advanced Neural Network Applications,https://arxiv.org/abs/2608.30932,https://openalex.org/W7204935315,OpenAlex,2026-09-13T06:45:50.628538+00:00,2026년 1~8월,반도체·AI 하드웨어
2608.28387,2608.28387,Neuromorphic architectures as numerical solvers for computational neuroscience,"Neuromorphic computing is closely associated with spiking neuronal networks. However, an alternative class of so-called ""rate-based"" models arising from computational neuroscience and machine learning forgoes spiking interactions and instead relies on continuous coupling between neurons. Existing neuromorphic implementations designed around spike-based interactions are not well-suited for emulating such models. Here view the distributed simulation of these models as message-passing algorithms on parallel hardware. Leveraging prior art in numerical algorithms and distributed simulation, we outline steps that enable the design of efficient digital neuromorphic accelerators for non-spiking neuronal models. In particular, we show that multi-bit packets, rather than spikes, are the most efficient communication strategy in packet-switched networks and that compared to basic numerical integration methods, higher-order differential equation solvers decrease both computation and communication costs while achieving lower numerical error, but that these benefits are ultimately limited by arithmetic precision. Using our proposed design principles, we convert an existing neuromorphic architecture into a distributed numerical solver - a spikeless neuromorphic system - for continuously-coupled neuronal models. We thereby demonstrate that our theoretical considerations indeed translate into practical advantages, namely reduced energy consumption and delay.",2026-08-28,2026-09-04T10:56:28.161419,Jakob Jordan; Ole Richter; Congyang Li; Mihai A. Petrovici; Rajit Manohar,Advanced Memory and Neural Computing; Ferroelectric and Negative Capacitance Devices; Neural Networks and Reservoir Computing,https://arxiv.org/abs/2608.28387,https://openalex.org/W7204756645,OpenAlex,2026-09-13T06:45:50.628538+00:00,2026년 1~8월,반도체·AI 하드웨어
2608.27807,2608.27807,Future of Artificial Intelligence for Science in Japan 2024 Community Report,"This white paper summarizes scientific challenges and AI/ML research opportunities identified through the FAIRS Japan 2024 unconference process. The discussion focuses on three major physics domains: accelerator physics, cosmology and astrophysics, and neutrino physics. Although each domain has distinct scientific goals and experimental constraints, several common technical themes emerge: high-dimensional reconstruction, fast and accurate simulation, uncertainty propagation, simulation-to-data mismatch, anomaly detection, real-time decision-making, and shared infrastructure.",2026-08-28,2026-09-11T09:22:31.653822,Yoshitaka Itow; Jia Liu; Hirokazu Maesaka; Vinicius Mikuni; Nhat-Minh Nguyen; Hironao Miyatake; Atsushi J. Nishizawa; Patrick de Perio; Daniel Ratner; K. Terao; Leander Thiele; Omar Alterkait; Francois Drielsma; R. Murillo Garcia; Masako Iwasaki; Ahsani Hafizhu Shali; F. Tarsitano; Takahiro Terada; Junjie Xia,Astrophysics and Cosmic Phenomena; Computational Physics and Python Applications; Particle physics theoretical and experimental studies,https://arxiv.org/abs/2608.27807,https://openalex.org/W7204780182,OpenAlex,2026-09-13T06:45:50.628538+00:00,2026년 1~8월,반도체·AI 하드웨어
2608.28129,2608.28129,Performance Optimization of Short Reach Optical Interconnects based on Direct Detection,"Short-reach optical interconnects are evolving toward data rates beyond 400 Gb/s per lane, driven by the bandwidth and energy-efficiency requirements of AI-enabled datacenter networks. At these operating speeds, channel impairments, device nonlinearities, and hardware constraints limit the effectiveness of conventional transceiver design and digital signal processing (DSP). This paper presents a unified framework for the optimization of direct-detection optical interconnects, encompassing digital surrogate modeling, receiver-side DSP optimization, and end-to-end (E2E) transceiver learning. The proposed formulation provides a common perspective for model-based and machine-learning-based approaches, including linear and nonlinear equalization, lookup tables, decision trees, neural-network receivers, and E2E optimization. Their performance is discussed together with computational complexity and hardware implementation aspects, highlighting the associated trade-offs. We show, through simulations and experimental validations, that for a 40~Gb/s 10~km link, decision trees can outperform by 0.5--1~dB conventional linear equalization, with negligible hardware requirements. Moreover, we show that an E2E technique based on transformers can provide a gain up to 6~dB, highlighting the potential of joint transceiver optimization to improve the performance of next-generation short-reach optical links.",2026-08-28,2026-09-11T09:22:31.653822,Luca Poì; Stella Civelli; Marco Secondini; Li Zhang; Dario Cellini; Asfand Nizamani; Ramin Solaimani; Lorenzo De Marinis; Mareli Rodigheri; Pantea Nadimi Goki; Muhammad A. Naz; G. Contestabile; Enrico Forestieri; Fabio Cavaliere,Optical Network Technologies; Semiconductor Lasers and Optical Devices; Advancements in PLL and VCO Technologies,https://arxiv.org/abs/2608.28129,https://openalex.org/W7204819263,OpenAlex,2026-09-13T06:45:50.628538+00:00,2026년 1~8월,반도체·AI 하드웨어
2608.28048,2608.28048,AI Hardware Accelerators for Large Language Models: Architectures and the Memory Wall,"Large language models (LLMs) place unprecedented and still-growing demands on the hardware that trains and serves them. This review surveys the full landscape of AI hardware accelerators for LLMs, including general-purpose GPUs, custom ASICs such as TPUs, Trainium, Groq, and Cerebras, reconfigurable FPGAs, processing-in-memory and near-memory architectures, and emerging neuromorphic and photonic approaches across cloud and edge deployment. Using the transformer's computational structure and roofline analysis as a common framework, we show that the decisive constraint on LLM acceleration is not arithmetic but memory: the autoregressive decode phase is bandwidth-bound, the key-value cache can rival the model weights in size, and data movement dominates energy. Comparing platforms on compute, memory, energy, programmability, and scalability, we find that no single architecture is optimal across workloads: GPUs remain the flexible default and the workhorse of training; domain-specific ASICs win at scale for stable, high-volume workloads; processing-in-memory is the most promising near-term response to the memory wall, entering systems as a heterogeneous complement; and neuromorphic and photonic computing, while promising, are not yet production-ready at frontier scale. Future progress depends on hardware-algorithm co-design and heterogeneous, memory-centric systems: for large language models, the memory system has become the computer.",2026-08-28,2026-09-11T09:22:31.653822,Siddharth Patel; Rohit Singh,Neural Networks and Reservoir Computing; Machine Learning in Materials Science; Parallel Computing and Optimization Techniques,https://arxiv.org/abs/2608.28048,https://openalex.org/W7204839489,OpenAlex,2026-09-13T06:45:50.628538+00:00,2026년 1~8월,반도체·AI 하드웨어
2608.28160,2608.28160,Gen-TAS: A Generative AI-Aided Hardware-Software Task Allocation Framework for FPGA-GPP Heterogeneous Systems,"FPGA-GPP heterogeneous systems combine software flexibility with the performance and energy efficiency of reconfigurable hardware. However, determining which application tasks should execute on the GPP or FPGA requires extensive expertise and design-space exploration, particularly when user objectives vary across latency, communication, resource utilisation, and power. This paper proposes Gen-TAS, a knowledge-grounded LLM framework for user-specific FPGA-GPP task allocation. By combining task-graph analysis with RAG, Gen-TAS grounds LLM reasoning in historical implementation knowledge and generates multiple explainable strategies tailored to the specified objectives. Human-in-the-loop selection and a deterministic backend connect LLM-generated decisions to reproducible FPGA SoC implementations. Experiments on CNN and SDR workloads across multiple LLMs demonstrate stable, requirement-driven allocation. Under latency-oriented objectives, implementations following the selected strategies achieve speedups of up to 2.45$\times$ and 92.53$\times$, respectively, relative to the corresponding all-GPP baselines while other objectives select strategies that trade some acceleration performance for FPGA-GPP communication, resource utilisation, or FPGA power.",2026-08-28,2026-09-04T10:56:28.161419,Mary Kong; Yuqin Zhao; Semih Vazgecen; Cristian Sestito; Themis Prodromakis,Embedded Systems Design Techniques; Physical Unclonable Functions (PUFs) and Hardware Security; VLSI and FPGA Design Techniques,https://arxiv.org/abs/2608.28160,https://openalex.org/W7204851039,OpenAlex,2026-09-13T06:45:50.628538+00:00,2026년 1~8월,반도체·AI 하드웨어
2608.26926,2608.26926,A Layer Importance Metric for Quantization Accounting for the Speed-Quality Trade-off in Autoregressive Models,"Small language models (sLLMs) are nowadays hosted on devices with limited memory and computational budget. In an autoregressive setup, inference is memory-bandwidth bound: uniform quantization is often detrimental to such models, since their architecture has limited redundancies and only a few layers are not very sensitive to lower precision. We propose a composite metric that combines two orthogonal criteria: information retention (measured in terms of a normalized SQNR-based coefficient) and throughput gains (modeled using a roofline-based latency analysis). By profiling Gemma 3 1B, we find that Feed-Forward Network blocks and the embedding matrix are the most promising targets for acceleration. For each candidate, we estimate a normalized quality score based on simulated quantization and a normalized speed score based on roofline modeling with no actual execution needed. We combine the two scores in a composite priority coefficient, allowing us to tune the trade-off between speed and quality as needed. Our metric is general and can be used to prioritize individual blocks, their projection sublayers, or transformer layers as a whole. We evaluate our approach on several model architectures, showing that our estimates have at around 4% prediction error for the accelerated speedup. We find that our method generally allocates more resources to the most expressive layers compared to evolutionary search, specialized accelerators, or Shapley-value-based approaches that require expensive approximate inference. Our analytical approach makes sLLM quantization a predictable engineering task.",2026-08-27,2026-08-31T07:19:18.363097,Artem Safronov,Advanced Neural Network Applications; Big Data and Digital Economy; Parallel Computing and Optimization Techniques,https://arxiv.org/abs/2608.26926,https://openalex.org/W7204549904,OpenAlex,2026-09-13T06:45:50.628538+00:00,2026년 1~8월,반도체·AI 하드웨어
2608.27199,2608.27199,Vision-centric generative AI models: A software-hardware perspective,"Vision generative artificial intelligence (AI) has emerged as one of the most rapidly advancing areas of deep learning. The explosion of multimodal models has made them widely associated with text-to-image applications running on large datacentres. However, vision generative models are equally needed in applications that operate under strict hardware constraints at the edge, including autonomous vehicles, agricultural sensors, and mobile devices. In this Perspective, we argue that progress in vision generative AI has been driven by output quality, with hardware evolving reactively to accommodate growing model demands. We quantify the parameter cost and energy efficiency of these models across a range of accelerator platforms, and map four generative model families against seven real-world application domains. Finally, we advocate a software-hardware co-design approach, where deployment constraints are considered from the start of the design process, ensuring that the ""right model"" runs on the ""right hardware"" to serve the ""right application"", making generative AI deployment sustainable and accessible across a much broader range of platforms.",2026-08-27,2026-08-31T07:19:18.363097,Eleni Tselepi; Cristian Sestito; Shady Agwa; Themis Prodromakis,Advanced Neural Network Applications; Embedded Systems Design Techniques; Green IT and Sustainability,https://arxiv.org/abs/2608.27199,https://openalex.org/W7204560912,OpenAlex,2026-09-13T06:45:50.628538+00:00,2026년 1~8월,반도체·AI 하드웨어
2608.27370,2608.27370,Puro-2B: Poor Lab's Qwen2-1.5B Trained on RTX 5090 within $5090,"Language model pretraining has become almost synonymous with prohibitive cost, placing it out of reach for much of the academic and open-source communities. Although strong open-source efforts already exist, including open-weight models and open-source training recipes, a cost-efficient, hardware-accessible, and open-source pretraining recipe has long been missing. Even at a small scale, training Llama-3.2-3B costs over \$1.5M, and reproducing SmolLM3-3B needs over \$700K. In this report, we present an open pretraining recipe designed to lower this barrier. Using this recipe, we train a collection of Puro-2B models from scratch on up to 1.4 trillion tokens with FP8 precision on consumer-grade RTX 5090 GPUs. The models in the collection differ in token budgets and selected recipe variants. Our best model is trained at a compute cost of less than \$6.9K and approaches Qwen2.5-1.5B performance under our evaluation protocol. This cost efficiency is enabled by a combination of approaches, including hardware selection, low-precision training, hyperball optimization, curriculum model averaging, and the data recipe. Beyond the recipe itself, we provide two additional results. First, across the Puro-2B collection, we derive a Puro Cost Scaling Law that relates training cost to average model performance; the fitted law suggests that about \$4.4K, less than \$5,090, is sufficient to reach the performance of Qwen2-1.5B. Second, as an end-to-end case study, we examine how pretraining data curricula shape downstream performance after post-training. Such controlled studies are enabled by having access to the full pretraining pipeline rather than model weights alone. We release the full training recipe for Puro-2B, including data, code, and model weights under Apache 2.0 at https://huggingface.co/collections/thu-pacman/puro-2b.",2026-08-27,2026-09-05T08:02:43.246662,Kairong Luo; Jiarui Cui; Yaorui Yin; Shengqi Chen; Yiming Yang; Linxiang Gao; Yanmohan Wang; Chengxia Li; Mingzhe Zhang; Kaifeng Lyu; Wenguang Chen,Machine Learning and Data Classification; Machine Learning in Materials Science; Topic Modeling,https://arxiv.org/abs/2608.27370,https://openalex.org/W7204562970,OpenAlex,2026-09-13T06:45:50.628538+00:00,2026년 1~8월,반도체·AI 하드웨어
2608.27029,2608.27029,FoldPipe: Bounded Remote Streaming of Native Molecular Shards with Asynchronous Prefetch,"Training molecular machine-learning models on ephemeral or memory-constrained accelerator instances can require repeatedly retrieving preprocessed molecular graphs from remote storage. FoldPipe is a lightweight Python orchestration layer for already-sharded PyTorch and PyTorch Geometric data. It retrieves one shard ahead in a background thread while the consumer trains on the current shard, keeping the number of live shard payloads bounded with respect to total dataset size. Asynchronous prefetch and bounded buffering are established systems techniques rather than novel scheduling algorithms. FoldPipe's contribution is a small integration targeted at native .pt molecular shards together with a source-pinned empirical characterization of its operating regime. We evaluate a SchNet energy-and-force workload on MD17 aspirin using 20 paired, order-alternating benchmark passes on a Tesla T4. Each pass processes five pinned shards containing 25,000 structures. FoldPipe records 16.33 s mean I/O-compute overlap, compared with zero by construction for the sequential bounded baseline. Mean pass time is 76.78 s for FoldPipe and 83.37 s for the baseline. However, the geometric mean paired speedup is $1.059\times$ with a 95% bootstrap interval from $0.878\times$ to $1.288\times$. The experiment therefore verifies the overlap mechanism but is inconclusive about a reliable wall-clock speed advantage under the observed public-network variability.",2026-08-27,2026-08-31T07:19:18.363097,Dhiren Mukesh Khatri,Machine Learning in Materials Science; Graph Theory and Algorithms; Computational Drug Discovery Methods,https://arxiv.org/abs/2608.27029,https://openalex.org/W7204575955,OpenAlex,2026-09-13T06:45:50.628538+00:00,2026년 1~8월,반도체·AI 하드웨어
2608.27333,2608.27333,Evaluating Quantum Kernel Methods for Track-Based Classification in High-Energy Physics,"We present a systematic design for large-scale quantum kernel classification, demonstrated through a quantum support vector classifier (QSVC) for particle-track classification using centroid-based CLAS12 drift-chamber features. Each event is encoded into a six-qubit state via a fully entangled ZZFeatureMap, whose fidelities define a quantum kernel within a standard SVM framework. By decoupling state preparation from kernel construction and distributing evaluation across a multi-node MPI-based HPC allocation, the approach scales to 1.0x10^5 training and 4.0x10^5 test events with an exactly constructed kernel matrix, to our knowledge more than an order of magnitude larger than prior high-energy-physics quantum-kernel studies. Benchmarked against linear, polynomial, RBF, and sigmoid SVM kernels and extremely randomized trees (ERT), the ideal QSVC achieves the highest recall (99.99%) among all models. Under a calibrated hardware noise model (FakeMumbaiV2, 500 training / 2,000 test events), AUC falls from 0.9985 to 0.9671 and peak significance improvement falls from 17.5 to ~3.5, yet recall remains at 99.51% -- indicating this signal-retention advantage is attenuated but not eliminated by circuit-level decoherence. Geometric analysis of the quantum embedding shows near-orthogonal inter-class states with coherent intra-class neighborhoods under ideal simulation; under noise this structure compresses toward the maximally mixed state while preserving its relative ordering. These results demonstrate a scalable, reproducible workflow for quantum kernel experimentation at HEP-relevant scale, quantifying the practical cost of realistic hardware noise on quantum-enhanced classification.",2026-08-27,2026-08-31T07:19:18.363097,Emmanuel Billias; Nikos Chrisochoides,Quantum Computing Algorithms and Architecture; Quantum many-body systems; Quantum Information and Cryptography,https://arxiv.org/abs/2608.27333,https://openalex.org/W7204578418,OpenAlex,2026-09-13T06:45:50.628538+00:00,2026년 1~8월,반도체·AI 하드웨어
2608.26826,2608.26826,Machine Learning Based ROI Segmentation for Beam Imaging Diagnostics at Accelerators,"The European XFEL accelerator produces high-brightness X-ray pulses using relativistic electron beams. Beam characterization is performed at multiple diagnostic stations using scintillator screens, where beam images are analyzed to extract key parameters such as emittance, energy spread, and current profile. Accurate detection of the region of interest in these images is essential for reliable beam diagnostics and stable accelerator operation. Conventional methods, such as bounding-box-based beam localization, can become less reliable for complex or non-ideal beam profiles, such as low-intensity signals, tilted or streaked beams, and multiple beam structures. In this work, we develop machine learning-based approaches for region of interest detection directly from beam images. These ML methods adapt to variations in beam shape and intensity and enable more precise, pixel-level identification of beam regions. Experimental results demonstrate improved robustness and accuracy in challenging conditions compared to traditional techniques. The proposed methodology is validated at the European XFEL and is broadly applicable to image-based beam diagnostics across accelerator facilities.",2026-08-27,2026-08-31T07:19:18.363097,Prachiti Sujit Chandratreya; Frank Mayet; Sergey Tomin; Jitendra Kumar,Particle Accelerators and Free-Electron Lasers; Particle accelerators and beam dynamics; Particle Detector Development and Performance,https://arxiv.org/abs/2608.26826,https://openalex.org/W7204584572,OpenAlex,2026-09-13T06:45:50.628538+00:00,2026년 1~8월,반도체·AI 하드웨어
2608.26651,2608.26651,Beyond Vector Hiding: Breaking and Mitigating Shared-Direction Weight Obfuscation in TEE-Offloaded Large Language Models,"Trusted Execution Environment (TEE)-shielded partitioning of Large Language Models (LLMs) accelerates on-device inference by offloading obfuscated linear layers to an untrusted accelerator while retaining only a small correction inside the TEE. However, earlier lightweight obfuscation schemes preserved weight-vector directions and were broken by ArrowMatch. To defend against this attack, ArrowCloak injects scalar multiples of the same hidden direction into all weight vectors, enabling lightweight trusted correction. We show that this reuse leaves a rank-one relation across the complete accelerator-visible matrix. For the released real-valued scheme, we propose SpectralLeak, which estimates and removes the shared component. Across 12 task settings, its surrogates achieve $87.98\%$ mean accuracy versus $89.85\%$ for the victims. In our defense-favorable mod-$Q$ realization of ArrowCloak's published modular security formulation, mod-$Q$ arithmetic suppresses this spectral signal but retains the algebraic rank-one relation modulo $Q$. We therefore propose LatticeLeak, which exploits the resulting hidden lattice. In our BERT-Base and GPT2-Base experiments, it reconstructs every protected fixed-point parameter exactly; across all evaluated architectures, the reconstructed models retain victim-level task accuracy without victim queries, labels, or fine-tuning. These findings identify shared rank-one reuse as the root cause of the leakage exploited by our attacks. Guided by this insight, we design ButterflyCloak, a keyed maximal-rank butterfly mask that replaces the reused direction with distinct mask rows while retaining fast trusted correction...",2026-08-27,2026-08-31T07:19:18.363097,Menghui Zhang; Aoying Zheng; Guoxiao Liu; Zizhuang Deng; Jiejing Wen; Jincheng Zhuang; Ran Tao,Adversarial Robustness in Machine Learning; Security and Verification in Computing; Privacy-Preserving Technologies in Data,https://arxiv.org/abs/2608.26651,https://openalex.org/W7204671228,OpenAlex,2026-09-13T06:45:50.628538+00:00,2026년 1~8월,반도체·AI 하드웨어
2608.27655,2608.27655,Accelerating Data Preprocessing for Efficient Vision Model Inference on Jetson Edge Device,"Data preprocessing is a crucial part of deep learning workflows on edge devices. However, decoding data saved in JPEG format is very compute-intensive and occupies a major portion of the preprocessing pipeline. Therefore, increasing the decoding speed is vital for improving overall throughput, especially for inputs with large image sizes, which are often subject to preprocessing bottlenecks. On the other hand, edge devices are equipped with specialized hardware units to accelerate media processing and image decoding. For instance, the NVIDIA Jetson platform possesses a dedicated NVJPEG unit. These units can be used to enhance the performance of the preprocessing pipeline. This paper introduces the utilization of such specific hardware acceleration units for offloading decoding tasks. By combining this with a multi-instance approach, it allows for the parallelization of all compute resources including CPU, NVJPEG, GPU, and DLA in Jetson devices. In this work, we compare various potential pipeline designs. On ResNet18, ResNet50, and ResNet152, three models with different sizes, we evaluate the impact of batch sizes and image sizes, as well as the characteristics of GPU/DLA inference. Finally, a fine-tuning experiment for multi-instance design has been conducted. The multi-instance design with a specific hardware decoding unit involved offers up to 30.02% speedup for large image sizes, compared with the most optimized design without it. Based on these findings, we demonstrate the benefits of using the NVJPEG unit in deep learning workflows and provide guidelines for tuning and optimizing edge inference workflows.",2026-08-27,2026-09-11T09:22:31.653822,Tian Chen; Nawras Alnaasan; Jinghan Yao; Aamir Shafi; Hari Subramoni; Dhabaleswar K.; Panda,Advanced Neural Network Applications; Cell Image Analysis Techniques; Advanced Image and Video Retrieval Techniques,https://arxiv.org/abs/2608.27655,https://openalex.org/W7204830328,OpenAlex,2026-09-13T06:45:50.628538+00:00,2026년 1~8월,반도체·AI 하드웨어
2608.26049,2608.26049,RTLGuard: A Lightweight Teacher-Student Defense for Poisoned RTL Code Generation Models,"The rapid advancement of large language models (LLMs) is driving a shift toward automated register transfer level (RTL) code generation, enabling designers to translate high-level specs. into synthesizable hardware. However, this reliance on pre-trained (3rd-party) fine-tuned models may introduce critical trust issues, as the training data and adaptation process of these models are often opaque. Thus, adversaries (even model providers) may embed hidden backdoor threats during fine-tuning, allowing malicious behavior, e.g., hardware Trojans, to be triggered by seemingly benign prompts given by victim user at inference time. In this paper, we introduce RTLGuard, to mitigate such a trust issue in AI-enabled IC supply chain. Rather than prohibitive computational cost of full-parameter retraining, RTLGuard leverages a teacher-student framework designed to sanitize compromised RTL generation models by (1) fine-tuning a small-scale, ""clean"" teacher model on a limited set of trusted RTL data, (2) guiding the poisoned target model via a composite teacher-student objective, and (3) incorporating feature alignment and knowledge distillation to suppress malicious behaviors. Our experiments across various LLM architectures demonstrate that RTLGuard significantly reduces the Attack Success Rate (ASR) while preserving the functional correctness and synthesizability of the generated RTL code.",2026-08-26,2026-08-30T07:30:35.949966,Mahshid Rezakhani; Kimia Azar; Hadi Kamali,Physical Unclonable Functions (PUFs) and Hardware Security; Adversarial Robustness in Machine Learning; Security and Verification in Computing,https://arxiv.org/abs/2608.26049,https://openalex.org/W7204458528,OpenAlex,2026-09-13T06:45:50.628538+00:00,2026년 1~8월,반도체·AI 하드웨어
2608.25321,2608.25321,LLMscope: Extracting LLM Assets from Edge AI Chips via Optical Probing,"The move of LLM inference to edge AI accelerators introduces new physical vulnerabilities. During execution, model parameters and intermediate inference states are repeatedly loaded into and processed on the chip, making them suscep- tible to physical side-channel attacks. In this work, by deploying laser voltage imaging, we show that one can extract LLM assets during inference, namely embeddings, attention, and quantized MLP weights, activations, and other inference states, from localized memories and compute subcircuits. To validate our claims, we perform an attack on an FPGA-based LLM accelerator. Since such accelerators reuse the same buffers and compute subcircuits across addresses, tiles, modules, and layers, reading asset values comes down to probing different memories during inference. We demonstrate full recovery of the targeted values; however, we also establish a methodology to recover asset values even if some weights or bits remain unread. We further derive lower bounds that relate imaging effort to asset dimensions and show that even direct recovery scales linearly with the size of the targeted asset",2026-08-26,2026-08-31T07:19:18.363097,Dev Mehta; Lily Dukette; William Folan; Olivia Kochol; Noah Solomon; Shahin Tajik; Fatemeh Ganji,Physical Unclonable Functions (PUFs) and Hardware Security; Adversarial Robustness in Machine Learning; Integrated Circuits and Semiconductor Failure Analysis,https://arxiv.org/abs/2608.25321,https://openalex.org/W7204473582,OpenAlex,2026-09-13T06:45:50.628538+00:00,2026년 1~8월,반도체·AI 하드웨어
2608.25890,2608.25890,Scalable Multi-GPU Simulation of 3D Multicellular Growth with RNN-Based Workload Balancing,"Detailed multicellular growth simulations based on subcellular element models (SEMs) can capture complex tissue development, but their element-level interactions impose substantial computational cost. This work presents a scalable multi-GPU framework for 3D multicellular growth simulation that combines GPU acceleration, spatial binning, domain decomposition, and workload-aware partitioning. Cell movement, growth, and division continuously reshape the spatial workload distribution, causing initially balanced partitions to become inefficient over time. To address this, we introduce an RNN-based load-balancing controller that observes recent per-rank execution times and partition states and learns residual corrections to a reactive boundary-adjustment rule. The controller is trained offline in a differentiable surrogate of the load-balancing loop with randomized workload dynamics, requiring no measured execution traces for training. We evaluate the framework in terms of single-GPU acceleration, multi-GPU computation scaling, controller-level load-balancing behavior, and end-to-end simulation performance, with comparisons against static partitioning, reactive load balancing, and conventional time-series prediction baselines. A representative embryonic epidermal development use case further demonstrates the type of spatially and temporally evolving workload targeted by the framework. In our evaluation, GPU acceleration with spatial binning accelerates the interaction computation by roughly three orders of magnitude over a serial CPU baseline. RNN-guided load balancing reduces the mean global imbalance from 11.3% under static partitioning to 3.5%, lowers end-to-end runtime by 9.0% relative to static partitioning, and reduces slice migration by 7.7x compared with the reactive baseline, showing that history-aware control can improve workload balance while avoiding unnecessary repartitioning.",2026-08-26,2026-08-30T07:30:35.949966,Matvey Moisseyev; Huijing Du; DanDan Zheng; Chi Zhang; Hongfeng Yu,Cellular Mechanics and Interactions; 3D Printing in Biomedical Research; 3D Shape Modeling and Analysis,https://arxiv.org/abs/2608.25890,https://openalex.org/W7204477395,OpenAlex,2026-09-13T06:45:50.628538+00:00,2026년 1~8월,반도체·AI 하드웨어
2608.25469,2608.25469,Hierarchical Shared Memory-Aware Optimization for TRSM on GPU Platforms,"Triangular Solve with Multiple Right-hand Sides (TRSM) is a fundamental BLAS Level-3 operation that underpins LU/Cholesky decomposition, sparse direct solvers, and matrix inversion. In the left-side lower-triangular case studied in this paper, efficient GPU implementation remains challenging because forward substitution introduces strict row-wise dependencies, and shared memory is too scarce to hold both operand matrices for wide data types such as double complex. This paper presents HSMA-TRSM, a hierarchical shared memory-aware optimization framework for left-side lower-triangular TRSM on NVIDIA A100, NVIDIA H800, and Hygon DCU Z100 accelerators. For the small-scale regime (m,n<=64), we design a pipelined compute-memory overlap mechanism through loop unrolling and instruction reordering, and propose a dual thread-group seven-stage pipeline strategy to address shared memory constraints for double complex types. For large-scale problems, we introduce a diagonal block decoupling optimization with an O(IB)shared-memory footprint for diagonal block inversion, enabling adaptive block size selection based on matrix scale and hardware characteristics. A compile-time configuration selection framework based on offline profiling and online lookup selects the optimal block size per platform with zero runtime overhead. Evaluated on NVIDIA A100, H800, and Hygon DCU Z100, HSMA-TRSM achieves peak speedups of 2.05xover cuBLAS and 2.06xover rocBLAS. The gains are strongest in shared-memory-constrained double-complex small cases and in large real-type cases where adaptive blocking improves GEMM-dominated updates, while mature vendor kernels leave less optimization headroom in some regimes.",2026-08-26,2026-08-31T07:19:18.363097,Xinzhe Chen; Haowei Li; Lijuan Hu; Wenjing Ma; Fangfang Liu,Parallel Computing and Optimization Techniques; Matrix Theory and Algorithms; Numerical Methods and Algorithms,https://arxiv.org/abs/2608.25469,https://openalex.org/W7204478562,OpenAlex,2026-09-13T06:45:50.628538+00:00,2026년 1~8월,반도체·AI 하드웨어
2608.25380,2608.25380,APT: Accelerating Diffusion Transformers via Attention Probability-Guided Pruning and Quantization,"Recent advances in generative AI have significantly increased the demand for high-resolution image and video generation, positioning diffusion models as a core technology. Among them, Diffusion Transformers (DiTs) have emerged as the state-of-the-art (SOTA) models due to their scalability and output quality. However, self-attention in DiTs incurs significant computational overhead, leading to excessively long latency as the complexity grows with the fourth power of the output resolution. While prior works have attempted to mitigate this cost using sparsity and quantization techniques, they fall short of effectively reducing the computational cost in high-resolution DiTs. In this paper, we present APT, a software-hardware co-designed accelerator for high-resolution DiTs. APT leverages attention probabilities as a unified importance metric to jointly optimize computation through fine-grained pruning and adaptive precision scaling. At the algorithm level, we propose Attention Probability-guided Adaptive Dual Thresholding (APDT), which dynamically performs element selection and precision assignment using dual thresholds. To ensure compatibility with memory-efficient FlashAttention, we introduce Timestep-Aware FlashAttention (TAFA), which predicts attention probabilities across timesteps by exploiting temporal similarity. At the architecture level, we co-design a specialized accelerator that efficiently supports irregular sparsity and dual-precision execution, featuring dynamic mask management, address translation, dual-precision compute units, and a tile-based dataflow. Finally, we evaluate APT on SOTA DiT models, including PixArt-$α$, Stable Diffusion 3, and FLUX. APT achieves up to 8.16$\times$ speedup and 14.98$\times$ higher energy efficiency over NVIDIA A100, and up to 3.01$\times$ speedup and 2.04$\times$ higher energy efficiency over EXION, a SOTA diffusion model accelerator.",2026-08-26,2026-08-30T07:30:35.949966,Sungyeob Yoo; Seeyeon Kim; Joonyong Park; Seunghee Han; Joo-Young Kim,Advanced Neuroimaging Techniques and Applications; Generative Adversarial Networks and Image Synthesis; Medical Image Segmentation Techniques,https://arxiv.org/abs/2608.25380,https://openalex.org/W7204479564,OpenAlex,2026-09-13T06:45:50.628538+00:00,2026년 1~8월,반도체·AI 하드웨어
2608.26206,2608.26206,Ankhdjet: An Open-Source Compiler for Mask-Programmed Ternary Compute-in-ROM on an Open PDK,"Large-language-model inference is dominated by weight movement: every generated token re-reads every weight. Ternary quantization (BitNet b1.58) shrinks each weight to 1.58 bits with reported parity at the 2B-parameter scale, small enough that hardwiring the weights into a read-only mask becomes plausible, and a commercial chip (Taalas HC1) has validated hardwired weights on an advanced node behind closed tooling. This paper asks whether model-specific silicon can be made reproducible with entirely open infrastructure. We present Ankhdjet, an open-source compiler that lowers a HuggingFace ternary checkpoint (BitNet b1.58 and its kin) to a via-mask program of a fixed compute-in-ROM macro on the open SKY130 PDK, verified end to end with open tools. We defend two claims: (1) the first open-source weights-to-mask compute-in-ROM compiler on a fabricable open PDK, taken through full open-toolchain signoff (KLayout DRC zero, netgen LVS zero, clean timing) twice with two different weight matrices through an identical flow in which only the mask differs; and (2) the first compute-in-ROM macro submitted for fabrication on an open PDK (TinyTapeout/ChipFoundry SKY130 shuttle ttsky26c, silicon expected 2027). The compiler's read is fully digital (full-swing bitline sampling into standard cells, so the emission ports to any node by synthesis); an analog comparator readout of the same machine is retained as a measured variant, replaced by the digital readout at one eighth the area. We additionally report the per-level adversarial verification methodology that caught three DRC-invisible silent shorts, a negative result on storing two ternary weights per transistor at 130 nm, and which analog sense techniques survive at which nodes. Read energy is from extracted-parasitic simulation (0.98-1.73 pJ per sensed weight); no energy measurements are claimed, and the fabricated vehicles are demonstrators.",2026-08-26,2026-08-31T07:19:18.363097,Mohnish Pai,Adversarial Robustness in Machine Learning; Machine Learning in Materials Science; Model Reduction and Neural Networks,https://arxiv.org/abs/2608.26206,https://openalex.org/W7204546108,OpenAlex,2026-09-13T06:45:50.628538+00:00,2026년 1~8월,반도체·AI 하드웨어
2608.26220,2608.26220,MeshReduce-U: Compiler-Guided Communication Reduction for Irregular Neural Reductions on Mesh NoCs,"Many irregular neural workloads induce skewed many-to-one reductions with repeated neighborhoods and nonlocal communication. Conventional NoC mappers optimize placement and routes for a fixed communication graph, even though associative reductions expose legal opportunities to eliminate traffic before routing. We present MeshReduce-U, a compiler-guided communication-reduction and routing framework for mesh-NoC-based spatial accelerators. MeshReduce-U coalesces colocated sources, forms local aggregation islands, blocks channels with compatible fan-in structure, selects capacity-feasible sinks, and routes the remaining fixed-width carriers using fused usage-aware costs. A deterministic route-replay model reports schedule-derived communication latency, total link usage (TLU), and fused link usage (FusedTLU) separately. Across a 20-workload lowerable neural-network zoo, MeshReduce-U reduces mean latency, TLU, and FusedTLU by 40.3%, 56.0%, and 48.7%, respectively, relative to an ABC-style source-aggregation baseline, improving all three metrics on every workload. Across 40 synthetic irregular reductions, it reduces mean latency and TLU by 12.3% and 19.7%. A new 30-instance pass-by-pass study further shows that the structural rewrites reduce the global carrier count by 60.9% and replay latency by 63.0%. These results show that rewriting reducible neural communication before routing can be more effective than searching harder over an unreduced traffic graph.",2026-08-26,2026-08-31T07:19:18.363097,Amirreza Khorasanian,Advanced Neural Network Applications; Advanced Memory and Neural Computing; Parallel Computing and Optimization Techniques,https://arxiv.org/abs/2608.26220,https://openalex.org/W7204555460,OpenAlex,2026-09-13T06:45:50.628538+00:00,2026년 1~8월,반도체·AI 하드웨어
2608.26402,2608.26402,SILK: Closing the Time-of-Check-to-Time-of-Use Gap in RoT-Protected AI Systems,"Root-of-trust (RoT) authentication verifies a DNN model at load time, but weights may subsequently traverse DRAM, DMA, interconnect, and prefetch paths before reaching the compute engine. Post-verification tampering along this path can therefore alter the weights actually consumed while leaving the authenticated model image unchanged, creating a time-of-check-to-time-of-use (TOCTOU) integrity gap. We present SILK (Streaming Inline Lightweight Keying), an in-place integrity mechanism that verifies the weight stream at the final pre-compute boundary. SILK repurposes quantized-weight LSBs as secret-keyed integrity bits and chains dependencies across weight bytes, so a local modification perturbs multiple integrity checks. A lightweight streaming checker recomputes these checks without separate authentication tags and uses commit gating to prevent unverified weights from reaching computation. Under a secure pseudorandom function (PRF), the forgery probability decreases exponentially with the number of affected checks, and measured miss rates closely track the analytical bound. SILK detects every stream-modifying instance in our functional attack suite. For INT8, it limits quality loss to at most 0.76 pp across evaluated CNNs and 0.17 perplexity across eight LLMs, while INT4 and MXFP4 provide a configurable security-quality tradeoff through check sparsity. On a Xilinx ZCU102, the synthesized reference pipelined implementation sustains 756 MB/s at only 1.00% of the equivalent area cost of a Caliptra 2.x RoT, while a configuration with a conservative per-attempt forgery bound of 2^-128 still sustains 678 MB/s at 6.15% of the RoT cost.",2026-08-26,2026-09-11T09:22:31.653822,Ruichen Qi; Xinting Jiang; Ema Dimitrova; Junyi Luo; Quan Cheng; Mehdi Saligane,Security and Verification in Computing; Cryptographic Implementations and Security; Physical Unclonable Functions (PUFs) and Hardware Security,https://arxiv.org/abs/2608.26402,https://openalex.org/W7204555532,OpenAlex,2026-09-13T06:45:50.628538+00:00,2026년 1~8월,반도체·AI 하드웨어
2608.24664,2608.24664,Maia 200: A Software Defined Dataflow System for Large-scale AI Acceleration,"We introduce Maia 200, an advanced AI accelerator delivering high performance-10 145 Tflop/s FP4 and 5072 Tflop/s FP8 within a 750W TDP and 7 TB/s HBM bandwidth. Maia exemplifies a new class of Software Defined Locally Accessed Dataflow Architectures (SDLA), which explicitly program dataflow engines to orchestrate highly specialized memories and data movement engines. This approach shifts the focus from today's thread-centric to data-movement-centric architecture, improving efficiency and scalability. Our taxonomy of data management, inspired by Flynn's classification, highlights how SDLA addresses challenges in modern AI computing. Maia 200 achieves significant cost and energy savings while supporting massive parallelism for AI inference workloads, making it a compelling solution for next-generation high-performance computing systems.",2026-08-25,2026-08-30T07:30:35.949966,Sherry Xu; Marco Heddes; Jackson Peng; Tom Savell; Monica Tang; Prashant Ranjan; Jesse Benson; Ofer Dekel; Saurabh Dighe; Anupama Kurpad; Artour Levin; Matthew Mattina; George Petre; Cheng Tang; Yuan Yu; Li Zhang; Torsten Hoefler,Parallel Computing and Optimization Techniques; Embedded Systems Design Techniques; Scientific Computing and Data Management,https://arxiv.org/abs/2608.24664,https://openalex.org/W7204233693,OpenAlex,2026-09-13T06:45:50.628538+00:00,2026년 1~8월,반도체·AI 하드웨어
2608.24204,2608.24204,WiCi: Wireless GPU Computing Infrastructure,"LLM inference applications are gaining significant traction. The demand for inference is growing exponentially, and the GPU usage of inference is increasingly surpassing that of training. Due to the mobility penalty, edge-side inference fails to deliver satisfactory performance. Consequently, most inference service providers currently rely on cloud-based inference, which incurs substantial, not sustainable costs for enterprises, and is even increasing in the agentic paradigm. Therefore, our goal is to enable powerful computing capabilities as server-grade GPUs on mobile devices. We propose Wireless GPU Computing Infrastructure (WiCi) in this paper. Through WiCi, mobile devices can wirelessly access server-grade GPUs, running inference tasks on mobile clients but offloading GPU-related computations to a nearby GPU via WiFi. WiCi introduces a series of designs to make sure the infrastructure is scalable with different applications, compatible with different mobile devices, and has comparable performance to running on a physical GPU. We test WiCi from mobile devices and find that WiCi can reduce time to first token by up to 90%, improve the token rate by approximately 39x compared to local inference on mobile devices for the same model, and support much larger models. WiCi also achieves up to nearly 80% of the native performance of the server-grade GPU across different applications.",2026-08-25,2026-08-30T07:30:35.949966,Yibin Shen; Wei Li; Kaiqiang Xu; Zili Meng,Wireless Networks and Protocols; IoT and Edge/Fog Computing; Indoor and Outdoor Localization Technologies,https://arxiv.org/abs/2608.24204,https://openalex.org/W7204239670,OpenAlex,2026-09-13T06:45:50.628538+00:00,2026년 1~8월,반도체·AI 하드웨어
2608.24079,2608.24079,Keeping the Index Open: The Recommendation-Side Cost of Shared Search and Recommendation,"A shared search-and-recommendation index must score new items from features alone because search has no exploration slot. In a public log covering both surfaces over one catalog, $38.6\%$ of held-out query-search impressions show an item never previously shown or visited. For user-cold engagements, the feature-based tower serves this demand without measurable loss against $99$ sampled negatives ($0.9595$ Recall@20 versus $0.9510$ warm). A lexical baseline reaches similar parity, while a full-catalog check remains statistically undecided. Dual-encoder retrieval therefore keeps the index \emph{open} to new items, unlike an ID-softmax recommender that requires retraining. We price this openness on recommendation against six sequential baselines, each retrained and tuned through five rounds on corrected targets. A float32 timestamp bug had reordered leave-one-out targets for $19.7\%$ of users. On MovieLens-1M, warm accuracy trails the strongest retrained baseline by $5.2\%$ Recall@20 and $11.4\%$ NDCG@20. On MIND, the gap narrows to $0.8$--$3.6\%$ relative to the five strongest baselines, though the model ranks sixth of seven. Under strict zero-leakage cold-start evaluation, the content tower achieves $0.172 \pm 0.006$ Recall@20, $1.4\times$ the strongest retrained dedicated method ($0.124 \pm 0.007$) and $3\times$ a training-free floor, without cold-specific training. Exact full-softmax training raises Recall@20 by $54\%$ on MIND-small and $6.9\%$ on MovieLens-1M over sampled InfoNCE, but recomputes the full catalog each step and exhausts accelerator memory at $240$K items. Approximate nearest-neighbor search explains none of the remaining gap, serving cost does not regress against ID-softmax retrieval, and a history-window sweep explains half the post-recipe remainder. Exact-quality training at catalog scale remains the open problem.",2026-08-25,2026-08-30T07:30:35.949966,Theodore Rogers; Joe Standerfer; Dmitrii Timoshenko; Haoxue Li; Zuhaib Akhtar; Soyoung Yang,Information Retrieval and Search Behavior; Multimodal Machine Learning Applications; Topic Modeling,https://arxiv.org/abs/2608.24079,https://openalex.org/W7204244511,OpenAlex,2026-09-13T06:45:50.628538+00:00,2026년 1~8월,반도체·AI 하드웨어
2608.23987,2608.23987,Low-Latency Activation-Regularized Sparse Neural Operators with Distillation Assistance Towards Real-Time Edge-Deployable Virtual Sensing,"Virtual sensing enables digital twins and safety-critical systems to reconstruct and forecast spatial-temporal physics in real time. However, conventional computational and data-driven methods often face challenges in generalization, latency, and energy efficiency for edge deployment. Neural operators offer a promising alternative but remain reliant on power-intensive hardware. Spiking neurons and neuromorphic computing can improve efficiency, yet surrogate-gradient training and multi-step spiking introduce convergence and latency challenges. We propose the Sparse-Activation-ReLU (SAR) layer, a single-step alternative that promotes activation sparsity without surrogate-gradient training while remaining compatible with event-based computing. Within a trunk-based NOMAD architecture, SAR achieves over a fivefold improvement in the combined Latency-Error-Energy (LEE) metric compared with Variable Spiking Neuron (VSN) and Leaky Integrate-and-Fire (LIF) implementations. We further analyze spiking entropy and feature usage and introduce synthetic knowledge distillation, reducing the LEE score by more than twofold. Finally, we improve VSN through a ReLU-based spiking loss and graph-neighbor thresholding. On the Heat Exchanger dataset, these approaches reduce L2 error by more than twofold and nearly sevenfold, respectively, while reducing spiking and spatial aggregation. Overall, the work presented is a step towards energy-efficient virtual sensing by providing an alternative framework that can be positioned towards neuromorphic or other edge device integration that can be a gold standard to compare latency, energy, and error performance for future efficient designs that are sparsity or brain-inspired spiking based.",2026-08-25,2026-08-30T07:30:35.949966,William Howes; Farid Ahmed; Syed Bahauddin Alam,Advanced Memory and Neural Computing; Neural Networks and Reservoir Computing; Ferroelectric and Negative Capacitance Devices,https://arxiv.org/abs/2608.23987,https://openalex.org/W7204280266,OpenAlex,2026-09-13T06:45:50.628538+00:00,2026년 1~8월,반도체·AI 하드웨어
2608.25124,2608.25124,FABRICA: Agentic CUDA-to-CSL Translation and Optimization for Wafer-Scale Systems,"Porting GPU kernels across architectures requires architectural remapping, not syntax substitution. CUDA encodes decomposition, locality, and synchronization through threads, blocks, and memory accesses; the Cerebras Software Language (CSL) requires explicit placement, distributed SRAM, fabric communication, event-driven tasks, and host/device contracts. We present FABRICA-Bench, 49 paired CUDA-to-CSL tasks, and FABRICA, an agentic framework combining target knowledge, execution, failure-directed repair, and correctness-gated optimization. On a fixed 28-task Level~1--3 core comparison with Claude Opus 4.8, FABRICA raises success from 6/28 to 26/28; 22 successful programs match or beat their CSL references. Across the 49-task coverage evaluation, 38 tasks produce a correct program; the final three tasks are evaluated over three seeds and pass 8/9 runs. For 27 generated/reference pairs with device-internal timing, geometric-mean speedup is 3.75$\times$ on the SDK simulator and 3.47$\times$ on WSE-3 hardware. With the executable workflow fixed, Claude Opus~4.8 passes 26/28 core tasks while the best open-weight model passes 2/28; retrieved Cerebras knowledge separately raises success from 1/15 to 7/15 on a Level~1--3 panel. These results identify base-model capability, target knowledge, execution feedback, and same-target measurement as central to cross-architecture kernel generation.",2026-08-25,2026-08-30T07:30:35.949966,Yuebo Luo; Eliu Huerta; Venkatram Vishwanath; Caiwen Ding; Rajeev Thakur; Le Chen,Parallel Computing and Optimization Techniques; Embedded Systems Design Techniques; Interconnection Networks and Systems,https://arxiv.org/abs/2608.25124,https://openalex.org/W7204435985,OpenAlex,2026-09-13T06:45:50.628538+00:00,2026년 1~8월,반도체·AI 하드웨어
2608.25062,2608.25062,FLINT: Efficiently Leveraging High Bandwidth Flash for Capacity-Scalable LLM Inference Acceleration,"LLM inference is increasingly constrained by accelerator memory capacity rather than compute throughput. This constraint is especially acute in single-accelerator and small-node inference systems, where limited on-package memory capacity restricts the size of deployable models. HBF is an emerging 3D-stacked NAND flash technology that provides multi-terabyte near-accelerator capacity, making it a promising capacity tier for storing LLM weights. However, existing HBF-based proposals face three adoption challenges: they (1) rely on coarse-grained static prefetching for LLM weights aiming to hide the microsecond-level read latency of the NAND flash device while maximizing HBF's read throughput, (2) expose NAND flash management tasks (e.g., refresh operations) to the accelerator-visible critical inference path, and (3) miss optimization opportunities to specialize and optimize the flash-management mechanisms to the workload behavior. Our goal is to design an efficient HBF substrate that integrates HBF as a memory-capacity tier alongside HBM while addressing these three challenges. To this end, we propose FLINT, a workload-driven HBF substrate for capacity-scalable LLM inference. FLINT introduces three mechanisms: (1) a hardware burst-buffer controller that dynamically coalesces and pipelines HBF reads aiming to utilize existing NAND flash buffers while sustaining high HBF bandwidth, (2) a phantom-plane refresh mechanism, which removes refresh from the critical inference path by moving refresh-related NAND flash operations outside the read foreground back via low-cost resource duplication, and (3) a read-only FTL, which replaces SSD-class support for arbitrary writes with a compact table that translates logical weight bursts to physical HBF locations.",2026-08-25,2026-08-30T07:30:35.949966,Geraldo F. Oliveira; Arash Tavakkol; Xiangyu Zhu; Ahmet Caner Yüzügüler; Vamanan Arulchelvan; Lukas Cavigelli; Renzo Andri; Mohammad Sadrosadati; Jia Xinglei; Onur Mutlu; Zhou Ke; Shai Bergman; Ji Zhang,Advanced Data Storage Technologies; Parallel Computing and Optimization Techniques; Distributed and Parallel Computing Systems,https://arxiv.org/abs/2608.25062,https://openalex.org/W7204471413,OpenAlex,2026-09-13T06:45:50.628538+00:00,2026년 1~8월,반도체·AI 하드웨어
2608.25053,2608.25053,"Hydra: Phase-Aware Workload Characterization of LLM Inference across Edge SoC Generations, Backends, and Quantization Levels","Edge LLM deployment is shaped by more than model size and precision: inference backend, hardware platform, memory traffic, and power management all affect latency and efficiency. We present Hydra, a common-schema, phase-aware workload characterization framework for LLM inference on edge SoCs. Hydra instruments HuggingFace Transformers and llama.cpp with a shared per-prompt timing schema and fuses those records with hardware telemetry, enabling a multi-dimensional characterization of performance, system-resource utilization, and efficiency across prefill and decode phases. Using Hydra, we evaluate three consecutive edge System-on-Chip (SoC) generations (AGX Xavier, AGX Orin, and AGX Thor), 13 instruction-tuned LLMs from seven families, five execution formats, and consider input/output-length sensitivity. The resulting artifact contains roughly 107K per-prompt records and is publicly released with Hydra. Our analysis shows that aggregate latency alone hides key deployment effects: backend structure changes where latency is introduced, quantization reduces memory traffic and energy but does not predict power monotonically, and SoC generation changes how utilization and efficiency should be interpreted. By connecting phase-level timing with system-resource utilization and efficiency metrics, Hydra enables reproducible, phase-aware characterization of edge LLM inference. Hydra's source code and the collected per-prompt trace corpus are available open-source at: https://github.com/amirtaherin/hydra",2026-08-25,2026-08-31T07:19:18.363097,Amir Taherin; Sana Taghipour Anvari; Charles Amante; Yixiao Chen; Ruben Noroian; Zlatan Feric; Nícolas Bohm Agostini; Pu Zhao; José Cano; Bin Ren; Yanzhi Wang; David Kaeli,Parallel Computing and Optimization Techniques; Embedded Systems Design Techniques; Advanced Data Storage Technologies,https://arxiv.org/abs/2608.25053,https://openalex.org/W7204486309,OpenAlex,2026-09-13T06:45:50.628538+00:00,2026년 1~8월,반도체·AI 하드웨어
2608.23048,2608.23048,Reservoir of Importance: Learning Semi-Structured Sparsity with Differentiable Subset Sampling,"Semi-structured $N$:$M$ sparsity has emerged as a practical direction for accelerating large language models (LLMs). However, existing learnable-mask approaches incur substantial parameter and memory overhead, limiting their scalability to large models and aggressive sparsity regimes. In this work, we revisit semi-structured pruning from a perspective that reconciles efficiency with scalability. We propose Reservoir of Importance (RoI), a lightweight semi-structured pruning framework that learns sparsity masks through differentiable subset sampling. Unlike prior methods that model full categorical distributions over all feasible $N$:$M$ patterns, RoI introduces a compact-logit parameterization for sparsity mask learning and performs sampling without replacement to select masks, thereby reducing trainable parameters from combinatorial complexity to $\mathcal{O}({M})$. As a result, RoI requires 1.5-8.75$\times$ fewer learnable parameters and significantly lower memory cost, while remaining fully aligned with hardware-friendly sparsity patterns. Extensive evaluations across multiple scales of the Qwen2.5 LLM family (0.5-7B parameters) demonstrate that RoI achieves competitive performance with strong memory efficiency, stability, and scalability to more aggressive $N$:$M$ sparsity patterns, offering a practical path toward efficient LLM deployment.",2026-08-24,2026-08-29T07:29:34.045763,Ha Dinh; Xuan Duy Ta; Khoat Than; Khac-Hoai Nam Bui,Topic Modeling; Domain Adaptation and Few-Shot Learning; Natural Language Processing Techniques,https://arxiv.org/abs/2608.23048,https://openalex.org/W7204158490,OpenAlex,2026-09-13T06:45:50.628538+00:00,2026년 1~8월,반도체·AI 하드웨어
2608.23404,2608.23404,VIPER: Architecture-Aware Performance Modeling for Processing-in-Memory Design-Space Exploration,"Processing-in-Memory (PIM) promises to reduce data movement overhead by executing computation in or near memory, but its realized application speedup remains highly design-dependent. Non-offloadable host execution, host-PIM transfers, limited PIM capacity, and device programming latency can limit end-to-end speedup, making fast early-stage design-space exploration (DSE) essential. However, existing PIM evaluation methods remain limited: circuit- and device-level tools cannot capture these end-to-end PIM performance factors, while cycle-accurate simulation is too slow for iterative DSE. To address this gap, we present VIPER, a unified, lightweight, and architecture-aware performance evaluation framework for PIM DSE. VIPER profiles host execution once and combines the measured host behavior with a PIM-aware analytical engine that sweeps PIM-side parameters across candidate designs. It supports both Processing Near Memory (PNM) and Processing Using Memory (PUM) under task-offloading and data-triggered execution by capturing host-PIM transfer, array access, in-memory computation, device programming latency, and capacity-induced partitioning, providing rapid architecture-aware performance estimates for iterative DSE without repeated cycle-accurate simulation. We validate VIPER against a commercial UPMEM system and more than 400 cycle-accurate gem5 configurations. VIPER predicts the UPMEM offloading decision and break-even region a priori, and, with a refined transfer model, captures the measured peak-and-rolloff behavior with 12\% mean speedup error across the DPU sweep (6\% up to the 256-DPU peak). Against gem5, VIPER achieves less than 10\% error while reducing evaluation time from hours to under one minute. Case studies of UPMEM, ReRAM/FeFET crossbars, and IMCRYPTO show that architecture-aware DSE reveals key performance trade-offs that device-level evaluation misses.",2026-08-24,2026-08-29T07:29:34.045763,Haoran Geng; Tomas Sousa Pereira; Xiaoyang Lu; Xian‐He Sun; Michael Niemier; X. Sharon Hu,Parallel Computing and Optimization Techniques; Ferroelectric and Negative Capacitance Devices; Advanced Data Storage Technologies,https://arxiv.org/abs/2608.23404,https://openalex.org/W7204174288,OpenAlex,2026-09-13T06:45:50.628538+00:00,2026년 1~8월,반도체·AI 하드웨어
2608.22795,2608.22795,VersaDB: A High-Performance AI Storage Database for Unifying Mutimodal Datasets,"The AI field has been rapidly developing, leading to the emergence of a large number of AI training datasets of various types. These datasets contain different modalities, including text, images, audio, etc., and may come in various data storage formats. With the advancement of AI hardware, AI computation units like GPUs, TPUs, and NPUs can greatly accelerate the training speed of AI models, which in turn increases the demand for faster data processing. When using existing AI processing frameworks to handle datasets with different modalities and storage formats, processing speeds may be suboptimal due to issues such as data layout and the way users handle the data. Therefore, using a unified database to store multiple data formats can better manage and optimize data access. In this paper, we introduce VersaDB, a database designed specifically for AI datasets with various modalities. We implemented a page-based storage system, separating structured and unstructured data. Additionally, we generated B+ tree-based index files to accelerate data access. VersaDB supports automatic sharding and maintains a hierarchical metadata management system, with corresponding metadata maintained at the page, shard, and global levels, forming the foundation for the efficient operation of the database. We also focused on ease of use by providing APIs for directly converting datasets into VersaDB, as well as APIs for converting popular AI data storage formats (e.g., CSV, TFRecord, .bin) into VersaDB.Our experiments show that using VersaDB can achieve up to 5.35x acceleration and maintain consistent performance across different parallelism levels.",2026-08-24,2026-08-29T07:29:34.045763,Cong Wang; Zelin Liu; Yang Luo Ran Zhang; Zhijian Guo; Hui Zhang; Fan Yu; Yanfei Cao; Naijie Gu; Jun Yu,Cloud Computing and Resource Management; Advanced Data Storage Technologies; Big Data and Digital Economy,https://arxiv.org/abs/2608.22795,https://openalex.org/W7204176632,OpenAlex,2026-09-13T06:45:50.628538+00:00,2026년 1~8월,반도체·AI 하드웨어
2608.23553,2608.23553,Chimera: Efficient Multi-Vector Retrieval via GPU-CPU Co-Processing,"Multi-vector retrieval has become an important primitive for fine-grained matching in information retrieval, with emerging applications in areas such as recommender systems and bioinformatics. However, its high computational complexity and memory costs make low-latency retrieval difficult. Prior systems have attempted to optimize query latency, but their designs remain CPU-centric. While GPUs offer substantial computational advantages, their limited memory capacity necessitates a heterogeneous architecture in which the dataset resides in host memory and the GPU serves as an accelerator. Existing GPU-based system, PLAID, is bottlenecked by CPU-GPU data movement, as vector data must be transferred from host memory to the GPU at query time. We propose Chimera, a GPU-CPU co-processing system for multi-vector retrieval that eliminates this transfer bottleneck. Chimera stores highly compressed, low-precision quantization codes on the GPU while maintaining high-precision data in CPU memory. At query time, it leverages GPU-resident data for efficient candidate generation and filtering, and further refines results through a GPU-CPU collaborative scoring scheme that completely avoids vector data transfer while enabling computation overlap. Experiments on real-world datasets demonstrate that Chimera significantly outperforms existing approaches, achieving up to 59.5x higher QPS at the same recall level.",2026-08-24,2026-08-29T07:29:34.045763,Yanqi Chen; Juelin Liu; Alexandra Meliou; Xiao Yan,Advanced Image and Video Retrieval Techniques; Information Retrieval and Search Behavior; Graph Theory and Algorithms,https://arxiv.org/abs/2608.23553,https://openalex.org/W7204186902,OpenAlex,2026-09-13T06:45:50.628538+00:00,2026년 1~8월,반도체·AI 하드웨어
2608.23430,2608.23430,"Resistive Switching and Neuromorphic Computing in Metal/Nb:SrTiO$_3$: Mechanisms, Interface Physics, and Charge Transport","Resistive switching (RS) in Nb-doped SrTiO$_3$ (Nb:STO) based memristive devices has attracted sustained interest in information processing and novel computing because of its forming-free operation, large on/off ratio, and gradual conductance modulation. Metal/Nb:STO Schottky junctions have emerged as a prototypical system for understanding RS mechanisms. Despite more than two decades of research, the physical origin of RS remains controversial, with proposed mechanisms including charge trapping and detrapping, oxygen vacancy migration, tunneling, interfacial redox reactions, and conductive filament formation. In this review, we examine these seemingly competing mechanisms and show that many experimental observations can be understood within a unified framework centered on the formation and evolution of an extrinsic interfacial layer at the metal/Nb:STO interface. We discuss how interface quality and defect-mediated processes, including proton incorporation, oxygen vacancy dynamics, and tunneling, govern Schottky barrier modulation and RS behavior. We further summarize how fabrication conditions, measurement protocols, and aging influence the interface formation and switching characteristics. This review establishes an integrated picture of M/Nb:STO heterojunctions and provides design principles for reliable oxide memristive devices through interface and defect engineering in M/Nb:STO and M/oxide/Nb:STO systems.",2026-08-24,2026-08-29T07:29:34.045763,Christopher Broyles; Elizabeth Krenkel; Frank Barrows; Sundar Kunwar; Aiping Chen,Advanced Memory and Neural Computing; Ferroelectric and Negative Capacitance Devices; Electronic and Structural Properties of Oxides,https://arxiv.org/abs/2608.23430,https://openalex.org/W7204191421,OpenAlex,2026-09-13T06:45:50.628538+00:00,2026년 1~8월,반도체·AI 하드웨어
2608.22716,2608.22716,TEE-X: TEE-aware Acceleration Framework for Large Vision Models at the Edge,"Despite their remarkable success, machine learning models, particularly in vision applications, are alarmingly vulnerable to a range of security threats. One key factor in the attack landscape is the distinction between white-box and black-box threat models, as the latter poses challenges that limit attack effectiveness when access to model information is limited. As a result, using Trusted Execution Environments (TEEs) enhances security for machine learning applications by protecting model confidentiality and execution integrity, effectively shifting the execution environment from the white-box to the black-box side of the threat model spectrum. While adopting TEEs for large vision models, e.g., Vision Transformers (ViTs), is crucial for enhancing security and privacy, significant challenges related to memory constraints and increased computational latency must be addressed, especially in time-sensitive edge applications where safety and privacy are paramount. The objective of this work is to enable large vision models to be fully hosted within TEEs, achieving GPU-level inference latency for time-sensitive edge vision applications while maintaining performance. To this end, we propose TEE-X, a TEE-aware acceleration framework that introduces a sensitivity-aware modularization technique and enables vectorization in TEE inference. This design is validated on OP-TEE for Arm TrustZone, configured to optimize performance on the NVIDIA Jetson AGX Xavier for efficient edge vision applications using ViT models. The findings reveal that TEE-X delivers an effective TEE-aware acceleration framework that achieves minimal accuracy-latency trade-offs while ensuring fast and secure edge inference for vision models.",2026-08-24,2026-08-29T07:29:34.045763,Kurt M. Wilson; Mohaiminul Al Nahian; Abeer Matar A. Almalky; Sadat Shahriyar; Souvik Kundu; Zhishan Guo; Abdullah Al Arafat; Adnan Siraj Rakin,Security and Verification in Computing; Adversarial Robustness in Machine Learning; Advanced Malware Detection Techniques,https://arxiv.org/abs/2608.22716,https://openalex.org/W7204197902,OpenAlex,2026-09-13T06:45:50.628538+00:00,2026년 1~8월,반도체·AI 하드웨어
2608.22787,2608.22787,Generative Design of Liquid-Cooling Channels for Thermal Management of 2.5D and 3D Integrated Advanced Packaging,"High-power multi-chip packages require increasingly effective cooling as intensive heat is generated within a limited package area. This work presents a physics-guided generative design framework for liquid-cooling channel topology optimization in a 2.7 kW multi-chip package containing two high-power graphics processing units (GPUs) and one central processing unit (CPU). A conditional diffusion model generates symmetric channel layouts using maximum GPU temperature, GPU temperature spread, and pressure drop as performance targets. Generated designs undergo connectivity and dead-end-branch screening and are evaluated using a calibrated reduced-order thermal-fluids model. Based on 5,000 generated layouts, the multi-objective analysis identified the optimal design for thermal properties, with estimated maximum GPU temperature of 70.30 degree Celsius, GPU temperature spread of 24.90 degree Celsius, and pressure drop of 89.72 kPa. Compared to a conventional reference topology, the optimal design reduced the maximum GPU temperature, temperature spread, and pressure drop by 33.6%, 52.5%, and 72.8%, respectively. High-fidelity three-dimensional conjugate heat-transfer simulation in OpenFOAM estimated a maximum GPU temperature of 66.70 degree Celsius and a pressure drop of 92.1 kPa, showing only differences of 8.6% in temperature rise and 2.6% in pressure drop. The results demonstrate that physics-guided generative design based on the reduced-order model can efficiently discover unconventional cooling channel architectures while reducing reliance on repeating computationally expensive simulation.",2026-08-24,2026-09-10T07:47:47.112893,Michael Acquah; Zheng Liu,Heat Transfer and Optimization; 3D IC and TSV technologies; Electronic Packaging and Soldering Technologies,https://arxiv.org/abs/2608.22787,https://openalex.org/W7204203664,OpenAlex,2026-09-13T06:45:50.628538+00:00,2026년 1~8월,반도체·AI 하드웨어
2608.23101,2608.23101,PolyChirp: Multi-Species Birdsong Classification Using TinyML on Low-Power Acoustic Sensors,"Recent progress in the field of TinyML has demonstrated that low-power hardware based on microcontrollers can achieve bird species monitoring in real time based on acoustic sensor data for an entire breeding period on a single battery charge. However, the state of the art on low-power microcontrollers was so far limited to binary classification of a single species. In contrast, real fauna monitoring deployments often target multiple species simultaneously. To address this challenge we develop PolyChirp, an approach combining biological domain expertise, automated dataset curation, neural architecture optimization and novel hardware to achieve multiclass bird species detection in the wild. PolyChirp is based on newly designed tiny multiclass models that leverage recent microcontrollers and hardware acceleration with a neural processing unit (NPU). We evaluate the predictive performance of these models, and we measure their computational performance -- memory footprint, latency, energy consumption -- on common microcontroller hardware. Our results demonstrate that PolyChirp not only outperforms state-of-the-art on single species binary classification, but also achieves robust classification of up to 10 species simultaneously, while still fitting with the resource envelope of a sensor that must remain operational in the field for a full season on a single battery charge.",2026-08-24,2026-08-29T07:29:34.045763,Nathan Duboisset; Zhaolan Huang; Felix Bießmann; Roudy Dagher; Antoine Lavandier; Emmanuel Baccelli,Animal Vocal Communication and Behavior; Species Distribution and Climate Change; Avian ecology and behavior,https://arxiv.org/abs/2608.23101,https://openalex.org/W7204215860,OpenAlex,2026-09-13T06:45:50.628538+00:00,2026년 1~8월,반도체·AI 하드웨어
2608.23841,2608.23841,Pipeline-Native Transformers: Co-Designing Model Architecture and CPU Inference for Bandwidth-Efficient Autoregressive Decode,"Single-token autoregressive decode on CPUs is bound by memory bandwidth, not arithmetic: a modern CPU sustains roughly 1 TFLOP/s of compute but only about 50 GB/s from main memory, and each generated token must stream every active weight once. This report argues that the most effective response is to co-design the model architecture and the inference runtime together. It presents cflow, a CPU-first streaming engine, alongside a family of pipeline-native transformer architectures whose inter-layer dependency graphs are constructed to permit a vertical, stage-major execution schedule. cflow stores weights as L2-sized tiles in compute-consumption order, reads only the top-k experts of each mixture-of-experts layer, fuses projections, and executes a delay-aware schedule from per-model dependency parameters. Across five architectures trained on TinyStories, one (arch2_4_combined) achieves a 2.00x reduction in critical-path weight bandwidth (9.00 to 4.50 MB/token) within 0.24 perplexity of the best candidate, and the tile layout incurs 7.29x fewer L1-data read misses than a row-major baseline. On a 30.9-billion-parameter pipeline-native MoE, cflow decodes at 5.94 tokens/s (tok/s) on a 32-vCPU Ice Lake server, ahead of llama.cpp (4.75) and the vLLM CPU backend (1.65) on comparably sized dense models. Realizing the expert-delay window as asynchronous I/O overlap on a disk-resident expert tier yields a further net win of up to 1.68x, matching the overlap model within 1%. Measurement refutes one of the eight design claims and leaves a second inconclusive; both are reported in full, with the conditions under which they would hold.",2026-08-24,2026-08-30T07:30:35.949966,Tom Poperszky,Parallel Computing and Optimization Techniques; Advanced Data Storage Technologies; Embedded Systems Design Techniques,https://arxiv.org/abs/2608.23841,https://openalex.org/W7204266661,OpenAlex,2026-09-13T06:45:50.628538+00:00,2026년 1~8월,반도체·AI 하드웨어
2608.22613,2608.22613,NOVA: Technology-Architecture Co-Design of Near-Memory Processing for Attention-SSM-MoE Hybrid LLM Inference,"The rapid evolution of hybrid large language models (LLMs), which interleave grouped-query-attention (GQA), state-space model (SSM), and Mixture-of-Experts (MoE) layers, introduces two fundamental challenges for near-memory processing (NMP) architectures. First, the Technology Wall: the conventional 6F^2 DRAM cell is approaching its physical scaling limits at 10nm-class nodes, making it difficult to meet the memory capacity demands of MoE models with hundreds of experts. Second, the Architecture Wall: existing NMP designs target narrow arithmetic intensity (Op/B) ranges and cannot efficiently support the heterogeneous compute characteristics of hybrid LLMs, spanning memory-bound SSM layers, compute-intensive GQA layers, and large Op/B variations across experts. We propose NOVA, a technology-architecture co-designed NMP system that overcomes both walls. On the technology side, NOVA combines a 4F^2 vertical channel transistor (VCT) DRAM cell with a peri-over-cell (POC) structure to achieve approximately 2x memory density at iso-area over conventional 6F^2-based DRAM, enabling continued scaling into sub-10nm nodes. On the architecture side, NOVA repurposes the POC peripheral-die (peri-die) to host processing units, forming a 2-tier NMP architecture: Tier-1 (peri-die NMP) for low-to-mid Op/B operations, and Tier-2 (base-die NMP) for mid-to-high Op/B operations. Parallel execution across tiers supports diverse compute patterns for hybrid LLMs, maximizing inference performance. Evaluated on state-of-the-art hybrid and MoE LLMs including Nemotron3-Nano, Nemotron3-Super, Falcon-H1R, and Qwen3, NOVA achieves on average 4.5x higher throughput, 69.8% lower end-to-end latency, and 5x better energy efficiency over a GPU baseline, with only 3.9% area overhead and no loss in memory capacity.",2026-08-23,2026-08-30T07:30:35.949966,In-Jun Jung; Jaeha Min; Joo-Young Kim,Big Data and Digital Economy; Natural Language Processing Techniques; Topic Modeling,https://arxiv.org/abs/2608.22613,https://openalex.org/W7204158892,OpenAlex,2026-09-13T06:45:50.628538+00:00,2026년 1~8월,반도체·AI 하드웨어
2608.22503,2608.22503,Understanding the Synchronization Tax in GPU Scale-Up Domains,"GPU scale-up domains have become the building block of modern machine learning infrastructure, and their design follows a clear trajectory of exponential growth in both interconnect bandwidth and domain size. This paper argues that these two trends are in tension. Through a study of several hundred thousand collective operations across four language models and three recent GPU architectures, we find that GPUs within a scale-up domain arrive at collective barriers hundreds to thousands of microseconds apart, despite executing identical kernels on identical hardware over a uniform fabric. We call this waiting time the synchronization tax and show that it can consume over 50% of collective communication time in an 8-GPU scale-up domain. To understand the sources of this tax, we design a graph-based algorithm that operates on per-rank kernel traces, revealing that cross-rank variation in GEMM kernel execution times accounts for 78% of this overhead. We apply extreme value theory to model this variation and demonstrate that the synchronization tax grows with domain size. Folding this model into an augmented Hockney communication cost model, we show that the synchronization tax fundamentally limits the return on bandwidth scaling and inverts prevailing beliefs about how interconnect bandwidth should scale with domain size.",2026-08-23,2026-08-28T12:50:07.497085,Arjun Devraj; Lindsey Bowen; Rachee Singh,Parallel Computing and Optimization Techniques; Ferroelectric and Negative Capacitance Devices; Big Data and Digital Economy,https://arxiv.org/abs/2608.22503,https://openalex.org/W7204162219,OpenAlex,2026-09-13T06:45:50.628538+00:00,2026년 1~8월,반도체·AI 하드웨어
2608.22643,2608.22643,NeuroPrefetcher: Storage-Aware Sparse LLM Inference via Delta Prefetching,"Deploying large language models on edge devices is increasingly limited by a widening gap between model size and available memory. Existing approaches such as quantization, smaller models, and offloading can raise the effective memory limit, but they still assume that the model can be compressed or partitioned to fit within some budget. We target the harder model-exceeds-memory setting, in which the model remains larger than resident memory throughout execution and storage becomes an active source of weights on the critical path. We observe that MLP activity during autoregressive decoding has strong temporal locality: approximately 82-85% of active neurons persist from one token to the next. This means that most sparse weights needed for the current token are already resident, and only the newly needed rows must be fetched from storage. We present NeuroPrefetcher, a storage-backed LLM inference system that exploits this property through predictive delta prefetching. After layer 0, a single GPU-resident predictor, occupying 2.86% of base model parameters, predicts sparse activity for all downstream MLP layers in one forward pass. The runtime compares these predictions against resident GPU buffers and issues application-scheduled NVMe reads only for incoming delta rows, replacing reactive operating-system demand paging with explicit, model-aware weight movement. On real unified-memory edge hardware, NeuroPrefetcher achieves 7.9-12.0x speedup over llama.cpp across constrained memory budgets.",2026-08-23,2026-08-29T07:29:34.045763,Nobel Dhar; Md Romyull Islam; Xuechen Zhang; Gongjin Sun; Sahidul Islam; Bobin Deng; Kun Suo,Natural Language Processing Techniques; Topic Modeling; Parallel Computing and Optimization Techniques,https://arxiv.org/abs/2608.22643,https://openalex.org/W7204178878,OpenAlex,2026-09-13T06:45:50.628538+00:00,2026년 1~8월,반도체·AI 하드웨어
2608.22378,2608.22378,Precision-Aware Variable Bit Processing Elements for Hardware-Efficient Systolic Array Designs,"Systolic arrays (SAs) have emerged as prominent hardware accelerators for matrix operations in deep learning, while floating point number formats enable precision control across computational domains. This research investigates approximate computing techniques for floating point (FP) multipliers in Weight Stationary Systolic Arrays, focusing on IEEE 754 (FP32), TensorFloat-32 (TF32), and Brain Floating point (BF16) formats. By integrating partial product matrix (PPM) column truncation with positive and negative compressors in the FP multiplier architecture, we optimize the trade-off between computational efficiency and accuracy. NSGA-II optimization algorithm was employed to explore the vast design space for evolving FP multiplier designs, towards achieving substantial hardware improvements while maintaining acceptable output quality. Substantial hardware benefits were observed in the FP multiplier designs across various applications, while preserving output quality. The FP approximated Processing Elements designed in the SA was found to offer comparable CNN accuracy for models trained on MNIST, F-MNIST, and CIFAR-10 dataset. The FP approximated SA designs that fall in the top 10 CNN performance offered substantial hardware gains in the range of 66% to 92% footprint savings, 60% to 93% of power benefits with 21% to 54% improvement in the delay when compared with the corresponding exact implementations mentioned in the literature for running the model trained on CIFAR-10 dataset. The TF32 and BF16 approximated SA designs also achieved substantial gains while maintaining comparable CNN accuracy. Our findings confirm that targeted approximation in FP multiplier design significantly improves the efficiency of hardware accelerators for error-tolerant applications, establishing an effective approach to hardware resource optimization in contemporary computing architectures.",2026-08-23,2026-08-28T12:50:07.497085,Dantu Nandini Devi; Madhav Rao,Low-power high-performance VLSI design; Numerical Methods and Algorithms; Parallel Computing and Optimization Techniques,https://arxiv.org/abs/2608.22378,https://openalex.org/W7204193608,OpenAlex,2026-09-13T06:45:50.628538+00:00,2026년 1~8월,반도체·AI 하드웨어
2608.22602,2608.22602,"Architecting the Next Generation of Asynchronous, Distributed GPUs for the AI Era","The rapid evolution of machine learning workloads has fundamentally transformed GPU hardware, driving architectures toward Multi-Chip Module (MCM) topologies, asynchronous execution primitives, and persistent, multi-phase kernel behaviors. Despite these shifts, cycle-level simulation infrastructure has lagged behind, lacking the native capability to model the physical non-uniformity of modern GPUs alongside the massive scale of state-of-the-art AI workloads. To bridge this gap, we present a cycle-level simulation framework designed to accurately model modern GPU generations, including Ampere, Hopper, and Blackwell. Rigorously validated against physical silicon, the simulator achieves a 99% Pearson correlation coefficient and a 13.4% mean absolute cycle error on the H100 GPU. Utilizing this infrastructure, we conduct architectural case studies to evaluate emerging design trajectories, including chiplet topology scaling, expanded SRAM capacity and bandwidth, and inter-GPU prefetching strategies.",2026-08-23,2026-08-29T07:29:34.045763,Junrui Pan; Weili An; Cesar Avalos Baddouh; Christin David Bose; Ni Kang; Aaron Barnes; Ahmad Alawneh; Fangjia Shen; Yechen Liu; Anusuya Nallathambi; Atthin Chandrashekar; Timothy G. Rogers,Parallel Computing and Optimization Techniques; Low-power high-performance VLSI design; Embedded Systems Design Techniques,https://arxiv.org/abs/2608.22602,https://openalex.org/W7204214691,OpenAlex,2026-09-13T06:45:50.628538+00:00,2026년 1~8월,반도체·AI 하드웨어
2608.22110,2608.22110,What actually runs: a measurement study of language model placement and decode speed on the Apple Neural Engine,"We ask what gets a language model onto the Apple Neural Engine (ANE) and what makes it fast there, and we answer with three measurements. We sweep a 64-shape matrix of LLM primitives that varies how a computation is expressed while holding what it computes fixed, recording per-operation device support. We then train matched models across size and precision, with quantized checkpoints byte-identical in structure to their fp16 counterparts, so every deployment measurement is of a real trained artifact. And we read the ANE's memory-controller byte counters during inference, establishing what actually ran rather than what the compiler intended. We support every headline claim with at least two of these three measurement paths. We find that placement is a property of how a computation is expressed, not of what it computes: a fused RMSNorm is fully ANE-eligible while its arithmetically identical decomposition is CPU-only. Weight encoding gates the accelerator: CoreML assigns a 25.85M-parameter conv-heavy fp16 model entirely to the CPU (our counters confirm zero bytes through the engine), while the same graph in int8 or 2-bit returns to ~83% residency and runs 1.8-2.2x faster, and a smaller 22.29M all-attention fp16 model sits at 98.9%. Decode cost is bytes streamed per token, at a constant ~0.77 fraction of nominal encoding width across fp16, int8 and 2-bit. The smallest and fastest models we measured are ternary, and at matched size the operator mix barely moves either axis: every resident 25M ternary model lands within 10.0-10.8 MB and 0.62-0.64 ms/token. The headline pair is half-attention ternary at 25M (10.5 MB, 0.63 ms) and 50M (16.8 MB, 0.86 ms) - 9.8x and 6.1x smaller, 3.0x and 2.2x faster than the conv-heavy fp16 design this work began with. From these measurements we draw a design procedure: choose the encoding first, then spend the byte budget on parameters.",2026-08-22,2026-08-28T12:50:07.497085,Shahir M A,Parallel Computing and Optimization Techniques; Advanced Neural Network Applications; Natural Language Processing Techniques,https://arxiv.org/abs/2608.22110,https://openalex.org/W7204167924,OpenAlex,2026-09-13T06:45:50.628538+00:00,2026년 1~8월,반도체·AI 하드웨어
2608.22072,2608.22072,Spiking Neural Networks for Energy-Efficient Object Detection in Forward-Looking Sonar Imagery,"Autonomous underwater vehicles (AUVs) are increasingly important tools in industries ranging from research, to energy, to defense. AUVs are power-constrained platforms operating in remote environments with fixed battery capacities, where propulsion competes with compute and sensors for power over lengthy mission durations. AUVs frequently operate in dark or turbid waters where optical sensing is of limited value, and rely on sonar as their primary sensing modality. Convolutional neural networks (CNNs) are the state-of-the-art solution for object detection in forward-looking sonar imagery, but are energy expensive (e.g. YOLOv8m: 322 mJ/inference). Spiking neural networks (SNNs) rely on binary spike activations and thus sparse accumulate-only operations, allowing them to be remarkably energy efficient, particularly when paired with dedicated neuromorphic hardware. The sparse, high-contrast structure of forward-looking sonar (FLS) returns is structurally matched to spike coding in a way that optical imagery is not. No prior work has assessed the suitability of SNNs for object detection in FLS imagery. SpikeYOLO, a fully spiking network trained with surrogate gradients, was benchmarked against state-of-the-art CNN baselines on three FLS object detection datasets. Key results: SpikeYOLO T=2 achieves 3.3$\times$ lower theoretical compute energy on UATD (97 vs 322 mJ) at competitive accuracy (0.529 mAP@0.5:0.95 vs. YOLOv8m's 0.575); SpikeYOLO matches YOLOv8m on mAP@0.5 and outperforms YOLO-SONAR and Fast R-CNN baselines on the sparse Marine-Debris-FLS dataset at 4.4$\times$ lower energy; SpikeYOLO demonstrates superior robustness to multiplicative speckle noise (3.0% degradation at $σ{=}0.4$ vs. 8.9% for YOLOv8m), outperforming YOLOv8m outright at $σ{=}0.6$, directly relevant to real-world FLS deployment.",2026-08-22,2026-08-29T07:29:34.045763,Gwenevere Frank; Gert Cauwenberghs,Neural Networks and Reservoir Computing; Advanced Memory and Neural Computing; Advanced Optical Sensing Technologies,https://arxiv.org/abs/2608.22072,https://openalex.org/W7204169870,OpenAlex,2026-09-13T06:45:50.628538+00:00,2026년 1~8월,반도체·AI 하드웨어
2608.21891,2608.21891,Mie Optical Computing,"Optical computing is emerging as a promising paradigm for next-generation information processing. Diffractive optical processors rely on spatially distributed trainable degrees of freedom, leading to extended architectures. Here, we propose a compact neuromorphic optical-computing approach where the entire trainable transformation is implemented by a single Mie scatterer. By formulating computation in vector spherical harmonics basis, trainable modal couplings can be concentrated within a finite object through its T-matrix. Since available T-matrix parameters scale as the fourth power of maximal multipole order, this architecture can overcome trainable-parameter-density limitations of conventional spatially distributed diffractive processors. We demonstrate classification of phase-encoded MNIST images using scattered-field intensity. At a particle size parameter of $ka = 15$, the trained T-matrix reaches approximately 90% test accuracy, comparable to a single-layer artificial neural network. Similar performance can be achieved using near-fields, enabling on-chip integration. We further show how reciprocity, passivity, and particle symmetry constrain performance: passivity reduces the accessible operator space while improving robustness, whereas symmetry reduces the number of independent parameters. Finally, we inverse-design a non-absorbing dielectric scatterer that realizes the classification task with 84% accuracy. These results demonstrate that nontrivial neuromorphic transformations can be encoded within the multipolar response of a single compact scatterer.",2026-08-22,2026-08-28T12:50:07.497085,Vsevolod Kleshchenko; Vladimir Igoshin; Costantino De Angelis; Mihail Petrov,Neural Networks and Reservoir Computing; Photonic and Optical Devices; Metamaterials and Metasurfaces Applications,https://arxiv.org/abs/2608.21891,https://openalex.org/W7204188757,OpenAlex,2026-09-13T06:45:50.628538+00:00,2026년 1~8월,반도체·AI 하드웨어
2608.21806,2608.21806,More Computational Resources Do Not Ensure Higher Scholarly Impact: Evidence from Leading NLP Conference Papers,"Computational resources are increasingly central to NLP research, but how closely reported GPU capability aligns with scholarly impact remains unclear. We analyze 13,921 ACL, EMNLP, and NAACL main-conference papers published between 2020 and 2025, using GPU resources as our operational measure of computational resources. From full texts, we extract GPU models and counts, standardize each paper's largest reported configuration into a comparable hardware-capability measure, and link these data to citation, award, topic, and institutional metadata. GPU reporting became more common but remained incomplete, while reported capability increased mainly through newer hardware generations and medium-scale multi-GPU configurations. Resource concentration substantially exceeded impact concentration: the annual top 20% of GPU-quantifiable papers accounted for 83.9%-89.9% of reported GPU capability, but only 27%-32% of citations and 20%-33% of paper awards. In adjusted models, a tenfold increase in aggregate reported GPU capability was associated with a 3.52-percentage-point increase in within-NLP topic-year citation percentile, but increased model R^2 by only 0.0042. GPU count showed more consistent positive associations with citation and award outcomes than newer hardware generation. Overall, reported GPU resources are associated with scholarly impact but provide little standalone explanation of research influence.",2026-08-22,2026-08-30T07:30:35.949966,Shuai Chen; Tong Bao; 彭及桐; Chengzhi Zhang,Computational and Text Analysis Methods; Scientific Computing and Data Management; Machine Learning in Materials Science,https://arxiv.org/abs/2608.21806,https://openalex.org/W7204210830,OpenAlex,2026-09-13T06:45:50.628538+00:00,2026년 1~8월,반도체·AI 하드웨어
2608.21227,2608.21227,Portable to Efficient: Auto-Tuning Hardware-Agnostic GPU Kernels in Julia,"Traditionally, GPU kernels have been developed and optimized within vendor-specific programming models to achieve high performance, resulting in software that is difficult to optimize and adapt across increasingly heterogeneous computing systems. Hardware-agnostic programming models offer a more sustainable approach to GPU software development by improving portability and maintainability, but achieving efficient execution across diverse architectures remains challenging. We address this challenge by integrating auto-tuning into hardware-agnostic GPU kernels written in Julia. We rebuild the established Kernel Tuner auto-tuning framework with Julia support, enabling systematic exploration of kernel configurations for hardware-agnostic GPU kernels targeting NVIDIA, AMD, Intel, and Apple GPUs. We demonstrate this approach on hardware-agnostic singular value decomposition (SVD) as implemented in the NextLA.jl linear algebra library. The results show that auto-tuning is essential for creating resource-efficient hardware-agnostic GPU kernels across a variety of hardware. Optimal configurations improve kernel performance by a factor of 3x to 7x compared to median parameter configurations, demonstrating the substantial impact of tuning on efficient hardware utilization.",2026-08-21,2026-08-29T07:29:34.045763,Floris-Jan Willemsen; Evelyne Ringoot; Alan Edelman,Parallel Computing and Optimization Techniques; Numerical Methods and Algorithms; Embedded Systems Design Techniques,https://arxiv.org/abs/2608.21227,https://openalex.org/W7204072310,OpenAlex,2026-09-13T06:45:50.628538+00:00,2026년 1~8월,반도체·AI 하드웨어
2608.21155,2608.21155,μNet: Ultra-Low-Memory and Low-Complexity Speech Enhancement for Embedded Digital Signal Processors,"Speech enhancement on embedded digital signal processors (DSPs) imposes strict constraints on memory footprint, computational complexity, latency, and support for integer operations. Although recent DNN-based approaches have addressed these challenges individually, no unified framework in the literature simultaneously addresses all these requirements for practical deployment. In this work, we propose μNet, an ultra-low-memory, low-complexity, and low-latency end-to-end DNN model. The proposed method requires only $90$~KB of static memory and $28$~MMACs, while supporting an algorithmic latency as low as $4$~ms with performance comparable to state-of-the-art methods of similar complexity. Our experiments demonstrate that μNet is compatible with neural accelerators and supports full integer-arithmetic operations on consumer DSP platforms such as Cadence Tensilica HiFi 4/5.",2026-08-21,2026-08-29T07:29:34.045763,Shrishti Saha Shetu; J. Aponte; Nagashree K. S. Rao; Sharvin Vittappan; Oliver Thiergart; Emanuël A. P. Habets,Speech and Audio Processing; Speech Recognition and Synthesis; Digital Filter Design and Implementation,https://arxiv.org/abs/2608.21155,https://openalex.org/W7204099038,OpenAlex,2026-09-13T06:45:50.628538+00:00,2026년 1~8월,반도체·AI 하드웨어
2608.21223,2608.21223,Event-triggered Implicit Perturbation for Zeroth-Order Fine-Tuning of Spiking Transformers,"Zeroth-order (ZO) optimization estimates gradients using only forward-pass evaluations, making it suitable for fine-tuning non-differentiable, event-driven spiking neural networks (SNNs). However, its deployment on in-memory computing (IMC) accelerators is constrained by the repeated read-modify-write (RMW) operations arising from explicit weight perturbation and the prohibitive hardware footprint of random number generators (RNGs) for statistically independent per-weight perturbations. To address these challenges, we propose an implicit-perturbation ZO (IPZO) architecture in which perturbation sums computed by an event-triggered perturbation generation unit (PGU) are combined with the weighted sums produced by the IMC array, eliminating perturbation-induced RMW operations while preserving weight-stationary execution of IMC. By exploiting spike sparsity, the PGU generates and accumulates perturbation contributions only for spike-activated weight rows, reducing the required row dimension of the RNG array. An address-driven XOR recombination scheme (PGU-XOR) is further introduced to mitigate the spatial correlations caused by direct RNG reuse (PGU-Reuse). The results show that (1) PGU-XOR matches software RNGs in accuracy on Spikingformer/CIFAR-10 (76.41% vs. 76.53%) and perplexity (PPL) on SpikeGPT/WikiText-2 (54.20 vs. 53.23), whereas PGU-Reuse degrades accuracy by 9.56 percentage points and increases PPL by 11.8; (2) implemented in a TSMC 16-nm CMOS technology, PGU-XOR incurs 40.3%-46.0% area and 15.2%-48.9% energy overhead per matrix-vector multiplication relative to PGU-Reuse, yet its faster convergence reduces the total perturbation energy to 0.51x that of PGU-Reuse at iso-accuracy; (3) IPZO reduces the perturbation energy to 0.46x-0.83x that of conventional explicit weight perturbation for a batch size of B=64 and T=4 time steps, with the advantage growing as BT decreases.",2026-08-21,2026-08-29T07:29:34.045763,Tengteng Lei; Prabodh Katti; Rashi Dutt; Houssem Sifaou; Tan Peng; Osvaldo Simeone; Kai Xu; Bipin Rajendran,Advanced Memory and Neural Computing; Ferroelectric and Negative Capacitance Devices; Neural Networks and Reservoir Computing,https://arxiv.org/abs/2608.21223,https://openalex.org/W7204111839,OpenAlex,2026-09-13T06:45:50.628538+00:00,2026년 1~8월,반도체·AI 하드웨어
2608.21327,2608.21327,On-Detector Machine Learning for Beam-Induced Background Rejection at a 10 TeV Muon Collider,"A 10 TeV Muon Collider is a compelling candidate for a future energy-frontier facility, offering unprecedented opportunities to explore the fundamental laws of particle physics. Muon decays in the collider ring produce intense beam-induced background (BIB) that can overwhelm detector occupancy and exceed readout bandwidth constraints. We investigate the potential of on-detector Machine Learning for BIB rejection in the vertex detector, exploiting pixel cluster shapes to distinguish background from collision products. We study three classes of lightweight neural-network architectures, and evaluate their implementation feasibility using high-level synthesis. Selected architectures achieve 88 to 90% data reduction at 99% signal efficiency, while requiring hardware resources compatible with potential ASIC implementation. These results demonstrate the potential of performing substantial BIB rejection directly in the pixel readout, providing a strategy for meeting the tracker readout requirements at a future Muon Collider.",2026-08-21,2026-09-11T09:22:31.653822,Daniel Abadjiev; Eliza Howard; Tsz Ngong You; Ryan Michaud; B. R. Roberts; Benjamin Rosser; Karri Folan Di Petrillo; Doug Berry; Arghya Ranjan Das; Jennet Dickinson; Giuseppe Di Guglielmo; Harshul Gupta; Farah Fahim; Abhijith Gandrakota; Lindsey Gray; James Hirschauer; David Jiang; Shiqi Kuang; Ron Lipton; M. Littmann; Miaoyuan Liu; Nicholas Manganelli; Petar Maksimovic; Corrinne Mills; Mark S. Neubauer; Aidan Nicholas; Benjamin Parpillon; Jannicke Pearkes; Adam Quinn; Danush Shekar; Ricardo Silvestre; Chinar Syal; Morris Swartz; Nhan Tran; Amit Trivedi; Keith Ulmer; Mohammad Abrar Wadud; Benjamin Weiss,Particle Detector Development and Performance; Radiation Detection and Scintillator Technologies; Particle physics theoretical and experimental studies,https://arxiv.org/abs/2608.21327,https://openalex.org/W7204121315,OpenAlex,2026-09-13T06:45:50.628538+00:00,2026년 1~8월,반도체·AI 하드웨어
2608.21080,2608.21080,Flow-based surrogate models for particle tracking,"Particle tracking is a fundamental tool for particle-accelerator design and optimisation. Conventional tracking routines provide high accuracy but are computationally demanding, especially when simulating large particle ensembles or long time spans. As a result, optimising moderate- to high-dimensional parameter spaces is challenging, and real-time surrogate models remain out of reach for many applications. This contribution introduces a surrogate-modelling approach based on conditional flow matching (CFM). A CFM model is trained on tracking simulations of CERN's Proton Synchrotron (PS) over a 10-dimensional parameter space. The trained model reproduces final phase-space distributions with a median squared maximum mean discrepancy MMD$^2$ of $3\times 10^{-4}$ and mean inference time of 0.04 s, a speed-up of three orders of magnitude over conventional tracking. To capture distribution-dependent dynamics that vanilla CFM cannot represent, we extend the model with cross-attention over the initial particle ensemble (Cross-Attention-CFM) and demonstrate that this extension recovers performance on a space-charge benchmark in the PS, where vanilla CFM degrades. Finally, we introduce Hybrid-CFM, in which a small number of conventionally-tracked particles are used to inform the model. On the same 10-dimensional PS task, Hybrid-CFM with 100 auxiliary particles trained on 200 distributions matches the vanilla CFM trained on 1500, and improves the worst-case (90th-percentile) MMD$^2$ by roughly a factor of four, substantially reducing the upfront cost of building a surrogate.",2026-08-21,2026-08-29T07:29:34.045763,Matthias Remta; Yann Dutheil; Francesco Velotti,Particle Accelerators and Free-Electron Lasers; Particle Detector Development and Performance; Particle physics theoretical and experimental studies,https://arxiv.org/abs/2608.21080,https://openalex.org/W7204133857,OpenAlex,2026-09-13T06:45:50.628538+00:00,2026년 1~8월,반도체·AI 하드웨어
2608.20711,2608.20711,AsmEvo: Agentic Assembly-Level Optimization of AMD GPU Kernels with Functional Equivalence Verification,"High-performance ML systems increasingly rely on GPU kernels whose editable source is unavailable, generated, or too distant from final machine code to expose remaining optimizations. Existing LLM kernel optimizers and autotuners mainly operate on CUDA, Triton, HIP, or tensor-program source and validate against reference implementations. We study a stricter setting: optimizing an already compiled AMDGPU code object, where the deployed binary is the only behavioral oracle. We present AsmEvo, an agentic assembly-level optimizer for AMD GPU kernels. Given an AMDGPU code object K0, AsmEvo reconstructs a reassemblable representation, proposes low-level edits with a long-horizon agent, rebuilds an ABI-preserving optimized object, and accepts candidates only after differential verification against K0 under identical launches. AsmEvo combines code-object recovery, metadata-aware rebuilding, profiling-guided hot-window editing, correctness-gated timing, and conservative in-place patch fallback. We conduct extensive experiments with AsmEvo on various AMD GPU kernels. On MI308X, AsmEvo improves 29 of 30 selected KernelBench kernels, reaching 1.35x geometric-mean and 3.88x maximum speedup. On MI300X production workloads, it improves all evaluated AITer binaries and vLLM/SGLang Triton assembly kernels, reaching 1.09x/1.31x and 1.18x/1.34x geometric-mean/maximum speedups, respectively, while preserving functional equivalence.",2026-08-21,2026-08-29T07:29:34.045763,Ji Liu; Puyuan Yang; Rongzhang Zheng; Fan Wang; Jinglin Wang; Muhammad A. Awad; Mortis Huang; Andy Chang; Zekai Li; Zeping Li; Zihao An; Yue Liu; Yuchen Yang; Jianghui Wang; C.H. Chen; Ziqiong Liu; Fuwei Yang; Dong Li; Wen Heng Chung; Shengcai Liu; Emad Barsoum,Parallel Computing and Optimization Techniques; Embedded Systems Design Techniques; Advanced Data Storage Technologies,https://arxiv.org/abs/2608.20711,https://openalex.org/W7204137916,OpenAlex,2026-09-13T06:45:50.628538+00:00,2026년 1~8월,반도체·AI 하드웨어
2608.20819,2608.20819,PRICE: Pricing-based Resource Incentives for Quality-of-Result-aware Computing at the Edge,"Edge nodes are capacity-constrained by design, yet many edge workloads can trade result quality for resource efficiency at runtime. Existing edge pricing mechanisms largely treat requests as fixed-configuration submissions and rarely exploit per-request quality flexibility under overload. We present PRICE, an incentive mechanism that couples a utilization-dependent price signal to per-request quality selection. As utilization increases, rising acceptance prices make resource-intensive variants less likely to be selected, shifting accepted requests toward lighter execution and allowing the node to serve significantly more requests while operating near capacity. Evaluation on real hardware under sustained overload shows that PRICE outperforms both fixed-allocation and dynamic-pricing baselines in accepted throughput and CPU utilization. The results are robust across pricing function families, task-duration distributions, and client populations. Result-quality flexibility is a powerful but underused control dimension for overload management at the edge, and pricing is an effective mechanism to exploit it.",2026-08-21,2026-08-29T07:29:34.045763,Uwe Gropengießer; Sebastian Frenz; Max Mühlhäuser,Cloud Computing and Resource Management; Distributed and Parallel Computing Systems; Parallel Computing and Optimization Techniques,https://arxiv.org/abs/2608.20819,https://openalex.org/W7204146557,OpenAlex,2026-09-13T06:45:50.628538+00:00,2026년 1~8월,반도체·AI 하드웨어
2608.21536,2608.21536,Programmable Compute-in-Transit using Integrated Photonics,"Modern hardware designs for AI and cryptography treat data transit and processing separately. At Optalysys we have demonstrated programmable Photonic hardware that computes mathematical functions on data that is in transit, enabling tens of GFLOPs of operations on data links.",2026-08-21,2026-08-28T12:50:07.497085,Imon Kundu; Livi Hammond; Jamie Todd; Kriti Goel; Peter Simpson; Jaganath Rajendra; Florent Michel; Jack Crawford; F. Bergamaschi; Robert Todd; Nick New,Neural Networks and Reservoir Computing; Photonic and Optical Devices; Optical Network Technologies,https://arxiv.org/abs/2608.21536,https://openalex.org/W7204158730,OpenAlex,2026-09-13T06:45:50.628538+00:00,2026년 1~8월,반도체·AI 하드웨어
2608.21555,2608.21555,Tensor Seeks Layout: Formalizing Layout Selection for ML Compilers,"Modern machine learning compilers select tensor memory layouts to minimize execution cost under hardware constraints. Layout selection is global: an operator may be fastest under one layout while its consumers prefer another, and aligning these preferences requires explicit layout conversions that can hurt model performance. Despite its practical importance, layout selection lacks a formal basis, so current compilers rely on ad-hoc heuristics. This paper presents the first formal study of layout selection in machine learning compilers. We formulate the problem as combinatorial optimization over dataflow graphs, minimizing the sum of operator execution costs and the per-tensor cost of these conversions. Our theoretical analysis shows that optimal layout selection is computationally hard, even for programs containing only matrix multiplications over two-dimensional tensors. We design an optimal polynomial-time algorithm for dataflow graphs of bounded treewidth. For general instances, we give a weighted MaxSAT encoding that an off-the-shelf solver can optimize. The formulation unifies several existing layout optimization strategies, including XLA's layout assignment, partition dimension selection in systolic array compilers, and layout planning in mobile GPU optimizers. We implement the formalization in a production compiler for an AI accelerator and measure the execution time of the compiled models under greedy heuristics, the compiler's rule-based strategy, and an optimal solver. Simple heuristics degrade execution time by up to $5\times$ on some workloads. Where the compiler's cost model is accurate, the solver matches or beats the rule-based strategy. On workloads with complex data movement it falls behind, and since the solver minimizes the stated objective exactly, that gap isolates cost-model error from search quality, showing where compiler effort actually pays off.",2026-08-21,2026-08-29T07:29:34.045763,Clemens Eisenhofer; Yuwen Jia; Daniel Kroening; Sergey Pupyrev,Parallel Computing and Optimization Techniques; Stochastic Gradient Optimization Techniques; Cloud Computing and Resource Management,https://arxiv.org/abs/2608.21555,https://openalex.org/W7204166007,OpenAlex,2026-09-13T06:45:50.628538+00:00,2026년 1~8월,반도체·AI 하드웨어
2608.21615,2608.21615,"Hiding Directions, Leaking Structure: Breaking ArrowCloak through Low-Rank Structure","TEE-shielded inference keeps sensitive state in a trusted execution environment (TEE) while offloading linear algebra to an untrusted accelerator. Wang et al., in Game of Arrows (USENIX Security 2025), showed that five widely adopted lightweight defenses preserve vector directions and introduced ArrowMatch to exploit this leakage. They then proposed ArrowCloak, which adds a different multiple of one shared mask direction to each vector and bases its weight-recovery hardness argument on Learning with Errors (LWE). ArrowCloak successfully reduces ArrowMatch to near-black-box levels. In this paper, we revisit ArrowCloak from cryptographic and structural perspectives. Its LWE formulation does not by itself establish standard LWE hardness: the reduction direction, quantized arithmetic, and joint instance distribution do not meet the required conditions. Reusing one mask direction leaves a recoverable rank-one component across the released matrix. We exploit this structure with our proposed attack, an end-to-end, query-free recovery attack. Given a public checkpoint and the obfuscated weights, the attack removes the masking subspace, recovers the hidden one-to-one correspondence, and reconstructs protected weights without transformation secrets, victim queries, or fine-tuning data. Across six model-task pairs spanning classification, segmentation, and diffusion, the attack recovers 99.92%-100% of hidden vector correspondences. Reconstructed classification models achieve 94.39%-99.54% victim agreement and differ by at most 1.59 percentage points in accuracy; the recovered segmentation model achieves 98.35% output agreement. These findings suggest that lightweight protection should address both per-vector geometry and joint structure across released weights.",2026-08-21,2026-08-28T12:50:07.497085,Beijie Liu; Junyi Ouyang; Haoxuan Xu; Vincent Ulitzsch; Potung Yu; Yajie Zhao; Mengyuan Li,Security and Verification in Computing; Adversarial Robustness in Machine Learning; Physical Unclonable Functions (PUFs) and Hardware Security,https://arxiv.org/abs/2608.21615,https://openalex.org/W7204166935,OpenAlex,2026-09-13T06:45:50.628538+00:00,2026년 1~8월,반도체·AI 하드웨어
2608.21657,2608.21657,Model Compression and Hardware-Aware Acceleration for Deep Learning on FPGAs: A Co-Design Taxonomy and Comparative Analysis,"Deploying deep neural networks on Field-Programmable Gate Arrays (FPGAs) requires joint reasoning about model compression and hardware acceleration, however the most comprehensive existing cross-platform treatment of this space, Deng et al.~\cite{deng2020model}, compared compression techniques against CPU, GPU, FPGA, and ASIC targets at the level of broad, qualitative trade-offs, and not specific FPGA resource consequences. This survey instead restricted the scope to FPGAs alone and organized 25 compression-hardware co-design case studies (2015--2026) into a five-category taxonomy defined by which FPGA resources each strategy primarily reshapes: DSP-eliminating, DSP-repurposing/mixed-precision, sparsity-exploiting, memory-hierarchy-driven, and toolchain/deployment-level. Normalizing these case studies along a common set of dimensions (compression ratio, accuracy change, throughput, energy efficiency, and DSP/LUT/BRAM utilization) surfaces a central, quantitative finding; of the 25 reviewed works, only \emph{one} reported a compression ratio and accuracy change measured against a single common baseline, and only \emph{two} reported energy efficiency normalized against a common GPU baseline, exposing a field-wide characterization gap that no individual toolchain (FINN, HLS4ML, Vitis AI, or DNNWeaver) resolves on its own. Building on this taxonomy and meta-analysis, we formalize six open challenges: toolchain fragmentation, accuracy--efficiency characterization, automated mixed-precision optimization, sparse computation reliability, persistent memory bottlenecks, and FPGA-based training. Each is paired with a concrete next step grounded in extending an existing, cited technique, not a general call for future work.",2026-08-21,2026-08-28T12:50:07.497085,Peter Forcha; H. Kajekusumadhar; Mbua Peter; Muhammed Kawser; Audrey Cyriell Mo; Christophe Bobda,Embedded Systems Design Techniques; Numerical Methods and Algorithms; Advanced Neural Network Applications,https://arxiv.org/abs/2608.21657,https://openalex.org/W7204179563,OpenAlex,2026-09-13T06:45:50.628538+00:00,2026년 1~8월,반도체·AI 하드웨어
2608.21643,2608.21643,"Cross-Layer Roots of Trust: Integrating Biometrics, PUFs, and Hardware Obfuscation","Modern cyber--physical, Internet-of-Things (IoT), wearable, and edge systems increasingly require trust in three distinct entities: the human requesting access, the physical device executing the computation, and the hardware function that is permitted to operate. These requirements are usually studied in separate communities. Biometrics establish human identity but remain vulnerable to presentation attacks, intra-user variability, template leakage, and limited revocability. Physical unclonable functions (PUFs) provide device-specific physical identity and on-demand secret derivation, yet must address environmental instability, helper-data exposure, side channels, and modeling attacks. Hardware obfuscation and logic locking condition correct circuit behavior on an activation secret, but face oracle-guided, approximate, structural, removal, and physical attacks. This survey develops a unified human--device--function view of trust. We first decompose each primitive into its complete processing chain and identify the corresponding security assumptions, implementation mechanisms, and evaluation metrics. We then formalize pairwise compositions---biometric--PUF, PUF--obfuscation, and biometric--obfuscation---and a three-way architecture in which correct functionality is bound jointly to an authorized user and a genuine device. Particular attention is given to biometric key reconstruction, PUF stabilization and modeling resistance, logic-locking attack evaluation, cross-layer error propagation, enrollment trust, key lifecycle, and interface leakage. The survey concludes with a taxonomy and research agenda for revocable human--device credentials, compositional security, leakage-aware integration, reconfigurable activation, and standardized end-to-end evaluation.",2026-08-21,2026-08-28T12:50:07.497085,Nima Karimian,Physical Unclonable Functions (PUFs) and Hardware Security; Security and Verification in Computing; Cryptographic Implementations and Security,https://arxiv.org/abs/2608.21643,https://openalex.org/W7204193498,OpenAlex,2026-09-13T06:45:50.628538+00:00,2026년 1~8월,반도체·AI 하드웨어
2608.19837,2608.19837,Energy-Efficient Visual Inspection with FFT-Based CNNs and Adaptive Floating-Point Quantization,"This paper investigates reduced-precision floating-point arithmetic for FFT-based CNN inference on an industrial CPU-FPGA platform. We combine FFT-based convolution with adaptive post-training FP8 quantization and evaluate two FPGA-oriented optimization methods: progressive bias adjustment (PBA) within the FFT and layer-wise exponent-bias selection across the CNN. The methods are implemented in a LeNet-5 accelerator using serial radix-$2^2$ SDF FFT modules and evaluated on an industrial fault detection dataset. Results show that weight scaling outperforms PBA, while layer-wise bias optimization increases the accuracy from 80.33% to 84.13% without modifying the datapath width. Compared with CPU-only inference, the FPGA achieves approximately 2.5$\times$ higher energy efficiency.",2026-08-20,2026-08-27T14:10:00.468798,Lukas Krupp; Marco Groß; Michael Graichen; Kim Ulrich; Norbert Wehn,Advanced Neural Network Applications; Parallel Computing and Optimization Techniques; Low-power high-performance VLSI design,https://arxiv.org/abs/2608.19837,https://openalex.org/W7203867451,OpenAlex,2026-09-13T06:45:50.628538+00:00,2026년 1~8월,반도체·AI 하드웨어
